candidate,is_prime,random_odd,P_A,P_D,P_0,hamming_weight,zero_bits
4294967029,1,2053695854357871005,16,29,19,29,35
4294967029,1,13679192365072849617,14,34,16,29,35
4294967029,1,4517457392071889495,13,33,18,29,35
4294967029,1,2574020394472462047,15,31,18,29,35
4294967029,1,1890702223848595625,13,35,16,29,35
4294967029,1,13662908291426823533,16,34,14,29,35
4294967029,1,10060236952204337489,14,30,20,29,35
4294967029,1,10892664235628797827,12,33,19,29,35
4294967029,1,586287033698423193,10,34,20,29,35
4294967029,1,1728372192399379055,13,36,15,29,35
4294967087,1,4291835990902352011,16,30,18,29,35
4294967087,1,11105285438068160209,14,33,17,29,35
4294967087,1,10353144037217341363,14,34,16,29,35
4294967087,1,13208230535885162025,14,33,17,29,35
4294967087,1,12937162279754847113,16,26,22,29,35
4294967087,1,7738774760351418615,12,36,16,29,35
4294967087,1,8286444275301796833,15,36,13,29,35
4294967087,1,5131712758418120109,17,26,21,29,35
4294967087,1,16035760590688802187,18,31,15,29,35
4294967087,1,13997525239209781023,15,27,22,29,35
4294967111,1,2945194472877206461,14,35,15,28,36
4294967111,1,7795859673851708283,15,29,20,28,36
4294967111,1,5125821543982213239,15,28,21,28,36
4294967111,1,3971837850219807025,12,38,14,28,36
4294967111,1,14083980817542670947,17,30,17,28,36
4294967111,1,1885446857198079865,14,34,16,28,36
4294967111,1,7008421793132065041,14,31,19,28,36
4294967111,1,6622000703604942743,13,33,18,28,36
4294967111,1,6344863178936378387,15,30,19,28,36
4294967111,1,4879548657232103939,14,31,19,28,36
4294967143,1,801519116549617023,22,24,18,29,35
4294967143,1,8474893131606635473,18,32,14,29,35
4294967143,1,2302636251494628997,13,36,15,29,35
4294967143,1,17013346644619304269,17,28,19,29,35
4294967143,1,1453607047024582931,13,32,19,29,35
4294967143,1,5408184617760098545,12,34,18,29,35
4294967143,1,11596357474505186611,17,29,18,29,35
4294967143,1,16333701732457992059,19,32,13,29,35
4294967143,1,6670988768861278913,14,30,20,29,35
4294967143,1,3547098369942706623,17,30,17,29,35
4294967161,1,1283066103397798385,17,29,18,29,35
4294967161,1,12198155279199315353,15,29,20,29,35
4294967161,1,14260593838171589263,14,36,14,29,35
4294967161,1,18174129289355940941,12,37,15,29,35
4294967161,1,15777827095392894769,16,30,18,29,35
4294967161,1,15983802509111602937,17,34,13,29,35
4294967161,1,7012091250016467665,16,34,14,29,35
4294967161,1,8363943803604256569,15,28,21,29,35
4294967161,1,15386621650891716399,16,30,18,29,35
4294967161,1,3000438492122948673,14,31,19,29,35
4294967189,1,6553587738384543241,13,32,19,28,36
4294967189,1,12362549907685523631,11,34,19,28,36
4294967189,1,12946299709363366021,11,39,14,28,36
4294967189,1,12609228866373326921,14,37,13,28,36
4294967189,1,1317143838265288107,15,33,16,28,36
4294967189,1,11713281966713340531,12,38,14,28,36
4294967189,1,9853141541719096833,17,25,22,28,36
4294967189,1,4515964510634773973,15,35,14,28,36
4294967189,1,8527195849335553775,16,35,13,28,36
4294967189,1,4979658421178727927,17,30,17,28,36
4294967197,1,17070454183419799271,17,34,13,29,35
4294967197,1,12694347471864137257,14,29,21,29,35
4294967197,1,4051184843001971257,12,32,20,29,35
4294967197,1,5981960629525864751,15,31,18,29,35
4294967197,1,14172883882709689509,15,28,21,29,35
4294967197,1,1031873030137572921,18,27,19,29,35
4294967197,1,15159582174570800377,15,33,16,29,35
4294967197,1,14850473871353034915,12,38,14,29,35
4294967197,1,7400184238106052605,14,35,15,29,35
4294967197,1,1220964237380856479,14,29,21,29,35
4294967231,1,16844388258623453357,15,31,18,31,33
4294967231,1,10462625265789077477,16,32,16,31,33
4294967231,1,13243180843756265711,15,37,12,31,33
4294967231,1,3922267417137298135,16,35,13,31,33
4294967231,1,9209191298904019989,16,36,12,31,33
4294967231,1,16319523657909543377,11,37,16,31,33
4294967231,1,11858523945066023525,17,29,18,31,33
4294967231,1,2635515642739380393,17,28,19,31,33
4294967231,1,2575724861012783071,20,28,16,31,33
4294967231,1,13742621121656847097,19,32,13,31,33
4294967279,1,9942376124693992059,19,29,16,31,33
4294967279,1,13779972549628856509,12,36,16,31,33
4294967279,1,7903209073802702201,18,34,12,31,33
4294967279,1,10764282542738094197,19,28,17,31,33
4294967279,1,6677655823134432407,17,33,14,31,33
4294967279,1,18397413265700644793,15,37,12,31,33
4294967279,1,2551770246706798577,23,23,18,31,33
4294967279,1,9103760425370013865,11,41,12,31,33
4294967279,1,13941720072365397721,16,31,17,31,33
4294967279,1,15884545075369202069,13,37,14,31,33
4294967291,1,2819424749284882229,15,34,15,31,33
4294967291,1,2951146940301069765,11,33,20,31,33
4294967291,1,12552662823614133901,16,28,20,31,33
4294967291,1,11001804832143224041,15,30,19,31,33
4294967291,1,7097704095687072273,10,31,23,31,33
4294967291,1,10992201237850606883,15,28,21,31,33
4294967291,1,8633996433839738777,19,27,18,31,33
4294967291,1,4637771848169556393,14,31,19,31,33
4294967291,1,10205216524262217657,18,28,18,31,33
4294967291,1,17384780973582585581,17,31,16,31,33
4294967311,1,12549013897651186577,2,31,31,5,59
4294967311,1,2113106642663979449,3,29,32,5,59
4294967311,1,16321466152587137559,4,30,30,5,59
4294967311,1,13851250634050167605,2,29,33,5,59
4294967311,1,14178144042647201737,3,29,32,5,59
4294967311,1,6275129943002583699,3,31,30,5,59
4294967311,1,5414121733845069545,2,30,32,5,59
4294967311,1,2917495600126412443,3,31,30,5,59
4294967311,1,59865493798337699,3,29,32,5,59
4294967311,1,13320247413671020493,3,33,28,5,59
4294967357,1,13275765128541234669,5,33,26,6,58
4294967357,1,17928171007716980451,3,35,26,6,58
4294967357,1,14055721717480188255,4,30,30,6,58
4294967357,1,9365073917934051637,4,30,30,6,58
4294967357,1,1962933219357751919,4,37,23,6,58
4294967357,1,11534752662811201047,3,33,28,6,58
4294967357,1,15526059072672948393,4,33,27,6,58
4294967357,1,9364727264510620071,3,30,31,6,58
4294967357,1,3669262207937771719,3,36,25,6,58
4294967357,1,6897493091761027453,5,30,29,6,58
4294967371,1,2980053737230559329,3,29,32,5,59
4294967371,1,17588965847757799011,4,30,30,5,59
4294967371,1,17015905361960636559,4,26,34,5,59
4294967371,1,16943214551238001183,4,30,30,5,59
4294967371,1,11048577505222294225,2,29,33,5,59
4294967371,1,9013184469153866811,4,31,29,5,59
4294967371,1,2063595287456017795,3,32,29,5,59
4294967371,1,6695813289279580209,2,36,26,5,59
4294967371,1,18175971244446575281,2,36,26,5,59
4294967371,1,14882368366351747129,3,28,33,5,59
4294967377,1,4417115578808483583,4,38,22,4,60
4294967377,1,4443296538731753243,3,30,31,4,60
4294967377,1,10465888220884581561,2,32,30,4,60
4294967377,1,1452811136191383415,4,28,32,4,60
4294967377,1,13501312085701517929,3,35,26,4,60
4294967377,1,15052972106611023585,2,34,28,4,60
4294967377,1,18040629558683101513,2,30,32,4,60
4294967377,1,9826694299578192581,2,33,29,4,60
4294967377,1,2319872024959105461,2,28,34,4,60
4294967377,1,12170254566408733533,3,28,33,4,60
4294967387,1,17466275249064254239,4,32,28,6,58
4294967387,1,3046054765042593201,3,34,27,6,58
4294967387,1,9733863205026578499,4,23,37,6,58
4294967387,1,11189682723832186267,4,36,24,6,58
4294967387,1,17789355694006387871,4,30,30,6,58
4294967387,1,17135429527665141793,1,35,28,6,58
4294967387,1,13932183773720301307,6,27,31,6,58
4294967387,1,12725811749825856299,3,33,28,6,58
4294967387,1,13151587223000228575,5,33,26,6,58
4294967387,1,7360108821668995995,4,33,27,6,58
4294967389,1,12390437464425241535,5,37,22,6,58
4294967389,1,6888392457627527311,4,33,27,6,58
4294967389,1,16594950762504082337,2,34,28,6,58
4294967389,1,8328449353085606325,4,33,27,6,58
4294967389,1,4573051503924355479,4,36,24,6,58
4294967389,1,1181069398379971535,4,23,37,6,58
4294967389,1,388013639099795099,4,24,36,6,58
4294967389,1,10218048544868886115,3,33,28,6,58
4294967389,1,10854804241263414419,2,31,31,6,58
4294967389,1,132647652111166135,3,27,34,6,58
4294967459,1,13057360759567981143,2,30,32,5,59
4294967459,1,1086029281467823799,4,30,30,5,59
4294967459,1,1243316505448017365,2,32,30,5,59
4294967459,1,579466799507675943,4,31,29,5,59
4294967459,1,6095329886943121601,2,29,33,5,59
4294967459,1,9484506392353289491,2,30,32,5,59
4294967459,1,5136998843743592237,3,35,26,5,59
4294967459,1,8954317038990532775,5,26,33,5,59
4294967459,1,9947110392639011131,4,28,32,5,59
4294967459,1,13343499577104216175,4,30,30,5,59
4294967477,1,16277094700513352823,5,39,20,6,58
4294967477,1,10629228785065517403,3,31,30,6,58
4294967477,1,4482507869643667449,4,29,31,6,58
4294967477,1,8724810724676522399,4,27,33,6,58
4294967477,1,7508930986792984477,4,31,29,6,58
4294967477,1,1740003900829643871,3,31,30,6,58
4294967477,1,12156086182128678187,2,34,28,6,58
4294967477,1,6535636613594701523,4,38,22,6,58
4294967477,1,7583498532299974161,2,40,22,6,58
4294967477,1,15934975371981548979,4,36,24,6,58
4294967497,1,999281963395495707,2,35,27,5,59
4294967497,1,12054126087653924451,3,34,27,5,59
4294967497,1,11919912492747341905,3,27,34,5,59
4294967497,1,1118106495833205231,5,31,28,5,59
4294967497,1,13433169699312644155,3,30,31,5,59
4294967497,1,14768325111238658311,2,33,29,5,59
4294967497,1,2015657872592376415,4,32,28,5,59
4294967497,1,3534213002786500869,1,28,35,5,59
4294967497,1,9892726009100339183,4,26,34,5,59
4294967497,1,2585906988015179389,3,34,27,5,59
4294967513,1,3384756894773047137,2,32,30,6,58
4294967513,1,8533981636164762649,4,32,28,6,58
4294967513,1,16131418598117953727,5,42,17,6,58
4294967513,1,1390605763237061245,4,29,31,6,58
4294967513,1,14905379553914455093,3,33,28,6,58
4294967513,1,15789802189125410791,3,35,26,6,58
4294967513,1,1806097268602969763,3,28,33,6,58
4294967513,1,12029949924523334489,4,35,25,6,58
4294967513,1,9972087237154765269,5,32,27,6,58
4294967513,1,272234306624415601,3,31,30,6,58
4294967539,1,1720394539494024067,4,26,34,7,57
4294967539,1,13900829951481242345,4,30,30,7,57
4294967539,1,4360431947084996517,3,31,30,7,57
4294967539,1,7497016160644455779,4,27,33,7,57
4294967539,1,8879495645595105815,3,38,23,7,57
4294967539,1,15949984550721430657,3,32,29,7,57
4294967539,1,16647132660781192069,2,37,25,7,57
4294967539,1,3037018826052123345,4,24,36,7,57
4294967539,1,39759609103409635,6,17,41,7,57
4294967539,1,7202010227992769353,2,37,25,7,57
4294967543,1,17091241740417128701,7,28,29,8,56
4294967543,1,14483080306203613639,6,32,26,8,56
4294967543,1,5261919544732773819,5,33,26,8,56
4294967543,1,12849845164156008427,5,30,29,8,56
4294967543,1,13475444596638139587,4,31,29,8,56
4294967543,1,14450469621160215933,5,30,29,8,56
4294967543,1,12209370609230468405,5,29,30,8,56
4294967543,1,8977503067962972875,5,39,20,8,56
4294967543,1,3502997369054610391,6,25,33,8,56
4294967543,1,4015872677338483539,4,38,22,8,56
4294967549,1,1078826339294598727,3,40,21,8,56
4294967549,1,13571955392078227649,4,26,34,8,56
4294967549,1,1124468667154517521,3,33,28,8,56
4294967549,1,5784987773131510683,4,36,24,8,56
4294967549,1,924962791312482859,3,26,35,8,56
4294967549,1,8795195728739477947,5,34,25,8,56
4294967549,1,16959699022148980069,5,33,26,8,56
4294967549,1,9797547986183248331,5,39,20,8,56
4294967549,1,1049242918902924005,5,25,34,8,56
4294967549,1,9367782319080184611,2,32,30,8,56
4294967561,1,15704498096547442515,2,30,32,4,60
4294967561,1,1263995445648177559,3,28,33,4,60
4294967561,1,1253656632195561601,1,24,39,4,60
4294967561,1,15897758278665026253,2,35,27,4,60
4294967561,1,7448344307346854551,2,37,25,4,60
4294967561,1,17369382705190462347,4,27,33,4,60
4294967561,1,10508656568968011417,2,38,24,4,60
4294967561,1,10679171625460955157,2,27,35,4,60
4294967561,1,733104319585478743,1,29,34,4,60
4294967561,1,1512326930396858725,2,35,27,4,60
4294967563,1,12126394524839858915,2,31,31,5,59
4294967563,1,10426596419982560269,3,29,32,5,59
4294967563,1,5835993588295866005,2,36,26,5,59
4294967563,1,4810278034534361301,1,32,31,5,59
4294967563,1,12354263674503451833,3,31,30,5,59
4294967563,1,5795669391019890829,2,32,30,5,59
4294967563,1,4899722954572203485,4,29,31,5,59
4294967563,1,2414278106070268071,3,26,35,5,59
4294967563,1,11907387847079093245,3,37,24,5,59
4294967563,1,8434304722446097347,4,30,30,5,59
4294967569,1,17137363418742848779,3,32,29,4,60
4294967569,1,17261251030712725747,3,30,31,4,60
4294967569,1,171839868003037059,3,27,34,4,60
4294967569,1,11458365735673410343,3,30,31,4,60
4294967569,1,10385399580792108483,2,32,30,4,60
4294967569,1,1844328595485371725,3,29,32,4,60
4294967569,1,9917604275947648737,2,26,36,4,60
4294967569,1,9331925497930663915,2,28,34,4,60
4294967569,1,2443392361664097455,1,31,32,4,60
4294967569,1,6438076648371394111,3,32,29,4,60
4294967597,1,1268975660781555841,2,25,37,6,58
4294967597,1,4506252082689858243,1,36,27,6,58
4294967597,1,5257089527223768019,2,36,26,6,58
4294967597,1,8083078561409407161,3,25,36,6,58
4294967597,1,10020602684508229427,3,28,33,6,58
4294967597,1,5580456259164516675,2,32,30,6,58
4294967597,1,18148890207482997229,5,39,20,6,58
4294967597,1,14888366082690338393,3,35,26,6,58
4294967597,1,9757233652762869223,5,33,26,6,58
4294967597,1,12319901555879883249,4,24,36,6,58
4294967627,1,10230606424634670235,3,36,25,6,58
4294967627,1,17187865237569934827,5,28,31,6,58
4294967627,1,1910833675848898503,4,30,30,6,58
4294967627,1,16198583394141845359,6,32,26,6,58
4294967627,1,4878535219027699471,5,26,33,6,58
4294967627,1,16412302689830747053,4,33,27,6,58
4294967627,1,13695170605838939561,4,31,29,6,58
4294967627,1,2867507816306839703,2,32,30,6,58
4294967627,1,5197485864753077465,4,28,32,6,58
4294967627,1,3885431296361898155,4,32,28,6,58
4294967639,1,6325024934891712167,3,36,25,7,57
4294967639,1,12682083577423131659,2,42,20,7,57
4294967639,1,15733464432113445673,2,36,26,7,57
4294967639,1,9323151554273112807,5,28,31,7,57
4294967639,1,4632369419087015009,3,29,32,7,57
4294967639,1,16752577494498156999,5,30,29,7,57
4294967639,1,937074245993382081,3,23,38,7,57
4294967639,1,11700482824512528201,4,29,31,7,57
4294967639,1,15298772036721014323,3,31,30,7,57
4294967639,1,813257268481262579,6,24,34,7,57
4294967653,1,6153032090283171535,3,32,29,6,58
4294967653,1,2413196716521558477,4,26,34,6,58
4294967653,1,18074082073548283061,3,33,28,6,58
4294967653,1,2980661395643662365,3,33,28,6,58
4294967653,1,8150426575989460767,4,30,30,6,58
4294967653,1,13017266855377300889,2,38,24,6,58
4294967653,1,10346905452913943497,3,37,24,6,58
4294967653,1,2063708867824039591,3,28,33,6,58
4294967653,1,17433112701047090785,4,32,28,6,58
4294967653,1,12747062067548340913,3,29,32,6,58
4294967681,1,2749566302172994795,3,37,24,4,60
4294967681,1,664601858746863163,1,36,27,4,60
4294967681,1,6810832800823379179,2,29,33,4,60
4294967681,1,10192289044694522065,2,30,32,4,60
4294967681,1,7928165580696811895,3,30,31,4,60
4294967681,1,771606328566105347,2,25,37,4,60
4294967681,1,6726633100050826471,2,33,29,4,60
4294967681,1,17212435652828964489,3,34,27,4,60
4294967681,1,17933855605379738591,4,37,23,4,60
4294967681,1,735930516583678257,3,27,34,4,60
4294967687,1,6600415335292071105,2,36,26,6,58
4294967687,1,12581909701564273517,3,37,24,6,58
4294967687,1,12302750038813126215,3,36,25,6,58
4294967687,1,6524219193247706819,3,30,31,6,58
4294967687,1,10328027969355100861,4,35,25,6,58
4294967687,1,16135601710010115805,4,35,25,6,58
4294967687,1,17964122259715545407,4,26,34,6,58
4294967687,1,13825421770538331179,3,40,21,6,58
4294967687,1,17077328287875780285,4,37,23,6,58
4294967687,1,4367032917030645429,3,33,28,6,58
4294967701,1,2997628468966378645,5,31,28,6,58
4294967701,1,14755311259988042601,3,34,27,6,58
4294967701,1,3266039714004515931,2,37,25,6,58
4294967701,1,7605489535621037585,3,29,32,6,58
4294967701,1,3308620235444610619,3,30,31,6,58
4294967701,1,17053780496520019241,3,34,27,6,58
4294967701,1,14432483369017809735,3,28,33,6,58
4294967701,1,7594767351842206505,2,33,29,6,58
4294967701,1,12357605363491489827,1,37,26,6,58
4294967701,1,13559418246325816519,4,33,27,6,58
4294967723,1,4577877559773840491,4,34,26,7,57
4294967723,1,2936681832496587019,5,19,40,7,57
4294967723,1,12936299266796773439,4,32,28,7,57
4294967723,1,7056649246525368231,5,28,31,7,57
4294967723,1,714342855657018001,2,34,28,7,57
4294967723,1,8682698351613625463,4,34,26,7,57
4294967723,1,3681468876994996865,2,31,31,7,57
4294967723,1,16942447183545487825,3,36,25,7,57
4294967723,1,6450059441887145685,3,37,24,7,57
4294967723,1,15136224613733825819,5,28,31,7,57
4294967759,1,16073073067472700199,5,34,25,8,56
4294967759,1,4112213719818416827,5,28,31,8,56
4294967759,1,12175463287547158363,5,36,23,8,56
4294967759,1,7350399953097782327,3,32,29,8,56
4294967759,1,5139319290407221677,5,28,31,8,56
4294967759,1,1280586834212437001,2,33,29,8,56
4294967759,1,14265358626524105553,3,35,26,8,56
4294967759,1,6477502761712008281,4,34,26,8,56
4294967759,1,9396876121229239733,5,24,35,8,56
4294967759,1,12534896745543455391,6,31,27,8,56
4294967779,1,15562801550159814693,3,36,25,7,57
4294967779,1,6108636845288288039,4,30,30,7,57
4294967779,1,509140064550377593,3,28,33,7,57
4294967779,1,16178503104235768167,6,26,32,7,57
4294967779,1,4818569907139259555,4,35,25,7,57
4294967779,1,10709990223132401371,5,32,27,7,57
4294967779,1,18143305780842505751,2,41,21,7,57
4294967779,1,705720723384408709,2,32,30,7,57
4294967779,1,11004797254769853693,4,29,31,7,57
4294967779,1,6376801597652963853,1,40,23,7,57
4294967783,1,14507039308579466713,5,33,26,8,56
4294967783,1,8050046282138200095,4,31,29,8,56
4294967783,1,18155946817251999957,5,34,25,8,56
4294967783,1,2133288237822418733,5,33,26,8,56
4294967783,1,16592933562166815459,6,27,31,8,56
4294967783,1,3506334530390410797,4,27,33,8,56
4294967783,1,818786974356045453,3,34,27,8,56
4294967783,1,8043841482021598161,5,36,23,8,56
4294967783,1,9590837567418193635,5,31,28,8,56
4294967783,1,14877499535993765495,5,38,21,8,56
4294967791,1,12670277929240362349,7,37,20,9,55
4294967791,1,17344793092282945653,5,30,29,9,55
4294967791,1,13595945619803893931,6,28,30,9,55
4294967791,1,3634656664561274691,4,35,25,9,55
4294967791,1,7956032755370663511,5,34,25,9,55
4294967791,1,17503644765628517803,7,29,28,9,55
4294967791,1,16985224314129971989,4,36,24,9,55
4294967791,1,11495188353767701839,7,33,24,9,55
4294967791,1,12237338906942293639,4,32,28,9,55
4294967791,1,2298931302375065491,4,38,22,9,55
4294967797,1,16602933664808030369,4,29,31,8,56
4294967797,1,9354759133588482961,4,33,27,8,56
4294967797,1,12302002710465300375,6,32,26,8,56
4294967797,1,6017012530752024597,3,25,36,8,56
4294967797,1,12861225169544525367,4,30,30,8,56
4294967797,1,10227105186530201377,4,36,24,8,56
4294967797,1,3538825135716167415,6,30,28,8,56
4294967797,1,12265782976857661183,7,28,29,8,56
4294967797,1,6993995937928162407,5,34,25,8,56
4294967797,1,13800646702906258797,5,36,23,8,56
4294967821,1,3210237798483116967,3,29,32,5,59
4294967821,1,10498139056168395439,5,27,32,5,59
4294967821,1,7490764728949214491,3,31,30,5,59
4294967821,1,15379514896979172579,1,33,30,5,59
4294967821,1,5605503478917667467,4,29,31,5,59
4294967821,1,3877186143199112557,4,27,33,5,59
4294967821,1,14494692032234989129,4,30,30,5,59
4294967821,1,11190930659683721703,2,33,29,5,59
4294967821,1,5944449119473551787,2,39,23,5,59
4294967821,1,8149513546360256329,3,30,31,5,59
4294967857,1,12463122761263440489,3,31,30,5,59
4294967857,1,9429495893493883547,3,29,32,5,59
4294967857,1,14641833737921411779,3,32,29,5,59
4294967857,1,17705775250227317061,2,38,24,5,59
4294967857,1,13576092494487635801,4,31,29,5,59
4294967857,1,12153651167912584485,2,30,32,5,59
4294967857,1,5234935182744955145,1,29,34,5,59
4294967857,1,12245941830380988841,2,34,28,5,59
4294967857,1,11423345599589149047,3,28,33,5,59
4294967857,1,1722689711460247003,2,36,26,5,59
4294967861,1,17561294036093121317,5,30,29,6,58
4294967861,1,4332560903154865861,4,25,35,6,58
4294967861,1,5726228406836418113,3,33,28,6,58
4294967861,1,14878459363684650239,4,36,24,6,58
4294967861,1,2718200874537725417,3,36,25,6,58
4294967861,1,852492665525157391,3,26,35,6,58
4294967861,1,18150415950089682995,3,33,28,6,58
4294967861,1,11276014524007876867,2,35,27,6,58
4294967861,1,14176126192205719773,4,33,27,6,58
4294967861,1,8400945465669246705,4,29,31,6,58
4294967867,1,16346340815311261261,4,34,26,7,57
4294967867,1,10619253771017407965,3,33,28,7,57
4294967867,1,13251143169028293101,4,29,31,7,57
4294967867,1,7083152547342730663,3,30,31,7,57
4294967867,1,7372294061284098197,3,34,27,7,57
4294967867,1,2722210763572102069,4,32,28,7,57
4294967867,1,12684394727038216937,4,29,31,7,57
4294967867,1,16466667260110135943,4,26,34,7,57
4294967867,1,15872326905752401209,5,30,29,7,57
4294967867,1,16333950059527913261,5,30,29,7,57
4294967891,1,14359322074790055445,4,29,31,6,58
4294967891,1,4036906451293594003,4,28,32,6,58
4294967891,1,14833208704736094415,3,33,28,6,58
4294967891,1,12837306421749826353,3,31,30,6,58
4294967891,1,8569432920024473875,3,33,28,6,58
4294967891,1,10282322101077220517,2,33,29,6,58
4294967891,1,16924334457912784199,4,35,25,6,58
4294967891,1,2238671055787692583,3,32,29,6,58
4294967891,1,2459672251337453247,5,27,32,6,58
4294967891,1,8571154928249709423,4,39,21,6,58
4294967969,1,9797653890691653569,4,30,30,5,59
4294967969,1,10310351813297472773,1,35,28,5,59
4294967969,1,5853114165768458277,2,28,34,5,59
4294967969,1,13931903670602288035,4,26,34,5,59
4294967969,1,8164038715270004049,1,37,26,5,59
4294967969,1,15034216440239933523,1,30,33,5,59
4294967969,1,16454870108999931529,3,29,32,5,59
4294967969,1,7871977535867266115,1,33,30,5,59
4294967969,1,16728517160399285843,3,29,32,5,59
4294967969,1,8225654185773848091,2,30,32,5,59
4294967977,1,2935945123758829113,4,31,29,6,58
4294967977,1,15891776128250033143,4,33,27,6,58
4294967977,1,8302321701040178057,5,27,32,6,58
4294967977,1,13867834008393113759,3,28,33,6,58
4294967977,1,15492735718283483761,4,27,33,6,58
4294967977,1,5115491466012903343,5,32,27,6,58
4294967977,1,14345568698986421649,3,30,31,6,58
4294967977,1,8939237171956803475,3,33,28,6,58
4294967977,1,4413307292807763433,5,31,28,6,58
4294967977,1,8114217242311001263,5,28,31,6,58
4294967983,1,13162579542723130103,7,31,26,8,56
4294967983,1,4325643070346722033,4,31,29,8,56
4294967983,1,6195293616144850713,3,35,26,8,56
4294967983,1,16473437487127624805,4,32,28,8,56
4294967983,1,1486395459416582791,6,25,33,8,56
4294967983,1,2782334610135874439,5,31,28,8,56
4294967983,1,7065753997901296601,5,33,26,8,56
4294967983,1,2818759560144531953,3,36,25,8,56
4294967983,1,3946734013554090639,6,32,26,8,56
4294967983,1,7652961930187984209,1,31,32,8,56
4294968001,1,6103684274997194427,3,28,33,5,59
4294968001,1,8594786438496161883,2,32,30,5,59
4294968001,1,1148599721320787503,2,33,29,5,59
4294968001,1,15364130245350463805,1,36,27,5,59
4294968001,1,7184579010600273567,4,29,31,5,59
4294968001,1,14200225657667157633,4,33,27,5,59
4294968001,1,17451764217190693495,4,31,29,5,59
4294968001,1,360300918208318319,3,26,35,5,59
4294968001,1,16245248179100109401,4,31,29,5,59
4294968001,1,10619612577463665027,3,30,31,5,59
4294968017,1,8798723081425168053,4,26,34,6,58
4294968017,1,17390514102710986693,4,25,35,6,58
4294968017,1,5508431202287934845,3,35,26,6,58
4294968017,1,7193983882308599549,6,30,28,6,58
4294968017,1,16447883318772076693,4,32,28,6,58
4294968017,1,15416472933389042353,5,25,34,6,58
4294968017,1,9928417012219181709,4,30,30,6,58
4294968017,1,13551606512062640095,5,35,24,6,58
4294968017,1,14754963374379848609,4,27,33,6,58
4294968017,1,16561696149995438837,5,35,24,6,58
4294968019,1,9006244299774703949,3,38,23,7,57
4294968019,1,5034767880305771583,3,32,29,7,57
4294968019,1,8958513702073725535,6,32,26,7,57
4294968019,1,7173149314966760379,5,28,31,7,57
4294968019,1,12338540504173811183,5,33,26,7,57
4294968019,1,14723127234812198419,4,32,28,7,57
4294968019,1,13358788648233946143,4,36,24,7,57
4294968019,1,15504592829849558803,4,26,34,7,57
4294968019,1,16962548969020776829,3,38,23,7,57
4294968019,1,18091127374923708163,4,29,31,7,57
4294968023,1,9852842016932379513,4,34,26,8,56
4294968023,1,16729884683124819449,5,34,25,8,56
4294968023,1,10918494578287739623,6,28,30,8,56
4294968023,1,12230186864052272695,6,33,25,8,56
4294968023,1,1548557266212366591,7,25,32,8,56
4294968023,1,7906510061362167231,5,31,28,8,56
4294968023,1,15990585056623932297,4,35,25,8,56
4294968023,1,3352308842224541341,6,29,29,8,56
4294968023,1,4799036907321259051,2,34,28,8,56
4294968023,1,6038590875818062707,5,29,30,8,56
4294968059,1,8387722142429437533,6,33,25,9,55
4294968059,1,6225786264980564665,7,31,26,9,55
4294968059,1,16226493748725412661,5,32,27,9,55
4294968059,1,5132928576857729637,4,32,28,9,55
4294968059,1,17546618974371034939,7,29,28,9,55
4294968059,1,7776498511611755891,6,36,22,9,55
4294968059,1,15401388030276460013,5,32,27,9,55
4294968059,1,8675629862900715149,5,32,27,9,55
4294968059,1,13817058809500552583,3,33,28,9,55
4294968059,1,960809754372300287,8,29,27,9,55
4294968101,1,17559819016254125445,4,37,23,6,58
4294968101,1,4136168848897802307,2,33,29,6,58
4294968101,1,1265785516996941815,5,32,27,6,58
4294968101,1,17658802515245720479,5,35,24,6,58
4294968101,1,742631527956440227,2,32,30,6,58
4294968101,1,572402428059938157,5,29,30,6,58
4294968101,1,4561571798635364645,5,30,29,6,58
4294968101,1,15481039847820971317,4,32,28,6,58
4294968101,1,11461619875893977079,6,33,25,6,58
4294968101,1,4400377484999296907,3,23,38,6,58
4294968127,1,8735659680389399701,3,27,34,9,55
4294968127,1,2110112835490129841,6,26,32,9,55
4294968127,1,17483031312731230051,6,24,34,9,55
4294968127,1,8578362885888837179,6,31,27,9,55
4294968127,1,4726861921730437873,5,30,29,9,55
4294968127,1,6804914881059581725,7,31,26,9,55
4294968127,1,11176747443246348983,7,29,28,9,55
4294968127,1,17777768177975202373,4,38,22,9,55
4294968127,1,13251352057139957311,7,33,24,9,55
4294968127,1,14347727754774054571,5,29,30,9,55
4294968143,1,3020945897761388737,3,34,27,8,56
4294968143,1,5737655361854763213,4,38,22,8,56
4294968143,1,10674849247090465813,3,32,29,8,56
4294968143,1,17134943920683408483,3,35,26,8,56
4294968143,1,10621574804338929179,4,33,27,8,56
4294968143,1,16750125990610903485,5,34,25,8,56
4294968143,1,6923191417855201443,3,31,30,8,56
4294968143,1,17367067109121271075,4,28,32,8,56
4294968143,1,3658538671487530017,2,34,28,8,56
4294968143,1,10922277704375238983,5,29,30,8,56
4294968149,1,15321342310051748667,5,29,30,7,57
4294968149,1,4479780432930600235,3,30,31,7,57
4294968149,1,12860940850008831021,2,33,29,7,57
4294968149,1,5563218524182236853,5,27,32,7,57
4294968149,1,12622351382661091673,4,34,26,7,57
4294968149,1,14859368239962821457,6,28,30,7,57
4294968149,1,14687799648936883945,3,42,19,7,57
4294968149,1,10439612908502333747,3,34,27,7,57
4294968149,1,757591818733537863,4,27,33,7,57
4294968149,1,9827415242423031945,1,32,31,7,57
4294968173,1,12202914834750778985,6,30,28,8,56
4294968173,1,1272027241443605439,7,30,27,8,56
4294968173,1,11945064691057206647,5,27,32,8,56
4294968173,1,233390920921967917,5,33,26,8,56
4294968173,1,7748716103416531405,6,33,25,8,56
4294968173,1,9042625441315440493,8,31,25,8,56
4294968173,1,7997095175640094819,4,32,28,8,56
4294968173,1,6681190025284430999,3,40,21,8,56
4294968173,1,16446656043816432793,2,33,29,8,56
4294968173,1,8480694082365434243,3,33,28,8,56
4294968187,1,2822188576191688185,6,30,28,9,55
4294968187,1,3249153382748526059,7,32,25,9,55
4294968187,1,9624528659831980611,4,29,31,9,55
4294968187,1,11998821521614784849,5,27,32,9,55
4294968187,1,11361577470028684967,5,30,29,9,55
4294968187,1,16963951586544329937,3,33,28,9,55
4294968187,1,14289612532636562203,7,29,28,9,55
4294968187,1,8575407550097686047,6,38,20,9,55
4294968187,1,15232114805763592015,6,35,23,9,55
4294968187,1,10929227668648134819,3,33,28,9,55
4294968199,1,5945470040130556407,5,24,35,7,57
4294968199,1,4528586496626253729,4,33,27,7,57
4294968199,1,17240730712398285219,4,32,28,7,57
4294968199,1,5145317958522735141,3,34,27,7,57
4294968199,1,8315829151595664607,5,32,27,7,57
4294968199,1,13843843974574232971,5,34,25,7,57
4294968199,1,10511870568477172309,3,34,27,7,57
4294968199,1,12325901717974463189,4,33,27,7,57
4294968199,1,6205422425094844779,4,28,32,7,57
4294968199,1,9118345479407067649,3,33,28,7,57
4294968211,1,5995453179806354317,4,28,32,7,57
4294968211,1,8993708922159042183,5,27,32,7,57
4294968211,1,6545365259040685191,3,35,26,7,57
4294968211,1,4765760839657373151,6,30,28,7,57
4294968211,1,5158788475996107335,4,30,30,7,57
4294968211,1,10997118810042705511,3,34,27,7,57
4294968211,1,16235114976191235899,6,28,30,7,57
4294968211,1,10252534863172831633,5,23,36,7,57
4294968211,1,9530090688186237803,5,26,33,7,57
4294968211,1,3524369018057407167,5,31,28,7,57
4294968233,1,4452233261987052327,4,30,30,7,57
4294968233,1,7497275548982759477,3,30,31,7,57
4294968233,1,10241193405939150873,2,28,34,7,57
4294968233,1,4433194091464299561,4,28,32,7,57
4294968233,1,8782367727035336223,3,36,25,7,57
4294968233,1,13131174641216906339,3,35,26,7,57
4294968233,1,8267361165536294789,5,33,26,7,57
4294968233,1,318082073006810643,3,33,28,7,57
4294968233,1,5427688457416890415,4,30,30,7,57
4294968233,1,7459884055484074685,5,29,30,7,57
4294968239,1,4488188063617971853,6,30,28,9,55
4294968239,1,12247900592267297979,5,31,28,9,55
4294968239,1,6807225847546696635,8,30,26,9,55
4294968239,1,10209773907626924403,4,34,26,9,55
4294968239,1,6341204625649729525,6,28,30,9,55
4294968239,1,18384605583915209053,5,40,19,9,55
4294968239,1,10152875311637045223,8,31,25,9,55
4294968239,1,6489758708811087131,5,27,32,9,55
4294968239,1,8370122798784204091,5,33,26,9,55
4294968239,1,5656195845202823011,6,31,27,9,55
4294968257,1,4252676278829448649,5,26,33,6,58
4294968257,1,13305347571542347205,5,30,29,6,58
4294968257,1,5820832176229135425,2,25,37,6,58
4294968257,1,13703736827970266045,4,32,28,6,58
4294968257,1,17540594946802606433,4,30,30,6,58
4294968257,1,12731270464419060669,4,32,28,6,58
4294968257,1,3533307314170100475,4,30,30,6,58
4294968257,1,13624850983671888859,5,32,27,6,58
4294968257,1,5100517886510002243,2,37,25,6,58
4294968257,1,10875958726846473987,3,37,24,6,58
4294968283,1,14023360472389184237,5,32,27,9,55
4294968283,1,11008846062097963539,4,30,30,9,55
4294968283,1,18087228765056965197,5,33,26,9,55
4294968283,1,15359282330623284287,5,32,27,9,55
4294968283,1,5464782685932204185,4,34,26,9,55
4294968283,1,6657080708550121023,5,32,27,9,55
4294968283,1,5575852975390187923,6,32,26,9,55
4294968283,1,13060635792146119205,2,34,28,9,55
4294968283,1,2335043480541008849,6,28,30,9,55
4294968283,1,839616462019183739,6,29,29,9,55
4294968287,1,1005827494607807627,4,37,23,10,54
4294968287,1,5388969878976261861,6,33,25,10,54
4294968287,1,17415379513898562085,4,38,22,10,54
4294968287,1,11766618255795673667,4,33,27,10,54
4294968287,1,13886564552366323979,4,37,23,10,54
4294968287,1,1892407990530226673,5,32,27,10,54
4294968287,1,226256690468261779,6,30,28,10,54
4294968287,1,5245134808756379515,8,30,26,10,54
4294968287,1,8830718475038778849,4,32,28,10,54
4294968287,1,6284915243441360959,6,26,32,10,54
4294968289,1,17810288036436669727,3,39,22,7,57
4294968289,1,4657404124447835737,3,24,37,7,57
4294968289,1,15895982980844849979,4,32,28,7,57
4294968289,1,2104536236244628949,4,31,29,7,57
4294968289,1,1205373585786809309,6,28,30,7,57
4294968289,1,9071123011370009411,5,28,31,7,57
4294968289,1,10644161538110721175,2,35,27,7,57
4294968289,1,12662786359910685325,3,32,29,7,57
4294968289,1,2798869327623312129,4,29,31,7,57
4294968289,1,14962930267582484491,2,32,30,7,57
4294968317,1,17508277890701476193,4,34,26,10,54
4294968317,1,1571310307623053855,5,31,28,10,54
4294968317,1,4578315028749445909,5,34,25,10,54
4294968317,1,10294630395308857201,7,35,22,10,54
4294968317,1,7677055647458955473,5,30,29,10,54
4294968317,1,10996599358341227051,4,35,25,10,54
4294968317,1,11407805059970235809,4,34,26,10,54
4294968317,1,14309020208604815819,6,29,29,10,54
4294968317,1,7016736147288576075,4,29,31,10,54
4294968317,1,16758947809512974959,7,34,23,10,54
4294968329,1,5485197065989794287,3,33,28,4,60
4294968329,1,10856372546982633977,3,34,27,4,60
4294968329,1,7910514230799020113,2,36,26,4,60
4294968329,1,10489362246217328197,3,28,33,4,60
4294968329,1,1111052997841626507,3,31,30,4,60
4294968329,1,17710880831218697587,3,29,32,4,60
4294968329,1,1830536256102497845,2,37,25,4,60
4294968329,1,14070016182309963119,4,30,30,4,60
4294968329,1,11538715695008290445,3,23,38,4,60
4294968329,1,4881859326475878229,3,33,28,4,60
4294968331,1,1497644464612692371,2,29,33,5,59
4294968331,1,4424731560200430785,3,31,30,5,59
4294968331,1,10182459705339612025,3,35,26,5,59
4294968331,1,2887517207891768223,3,29,32,5,59
4294968331,1,7535819106401868603,4,28,32,5,59
4294968331,1,12716652859716023787,4,29,31,5,59
4294968331,1,8668355238471926435,3,23,38,5,59
4294968331,1,602099144216016913,2,32,30,5,59
4294968331,1,5314597098614818501,3,29,32,5,59
4294968331,1,5215233457465790137,3,30,31,5,59
4294968347,1,15856945382118850061,4,39,21,6,58
4294968347,1,1313034794975323555,3,29,32,6,58
4294968347,1,4305909118980879693,4,34,26,6,58
4294968347,1,4880171450340044599,5,31,28,6,58
4294968347,1,14595944650824947961,4,33,27,6,58
4294968347,1,10879697577054555433,4,29,31,6,58
4294968347,1,14829442329739479713,1,34,29,6,58
4294968347,1,3649120431916770685,4,31,29,6,58
4294968347,1,2117249017092368473,4,32,28,6,58
4294968347,1,4147002333507121333,2,32,30,6,58
4294968371,1,2748369229262316451,3,27,34,6,58
4294968371,1,4900054223981225753,3,28,33,6,58
4294968371,1,2623796383670213003,2,32,30,6,58
4294968371,1,1100127693896673871,3,30,31,6,58
4294968371,1,14621416295300196969,3,35,26,6,58
4294968371,1,10976625027532694979,3,34,27,6,58
4294968371,1,15204549857327690111,5,33,26,6,58
4294968371,1,16993002881746963855,3,35,26,6,58
4294968371,1,8100951355409195581,3,30,31,6,58
4294968371,1,8645951424319300643,5,31,28,6,58
4294968389,1,5609492295310979959,4,31,29,5,59
4294968389,1,7424971634188074785,2,32,30,5,59
4294968389,1,5022055806713150185,3,33,28,5,59
4294968389,1,9960901752899170779,2,34,28,5,59
4294968389,1,8075225820742376717,4,29,31,5,59
4294968389,1,11031829272004646489,3,30,31,5,59
4294968389,1,16406956473129914621,3,33,28,5,59
4294968389,1,13549759378417610303,4,33,27,5,59
4294968389,1,11136551115569736391,3,31,30,5,59
4294968389,1,477123111919557743,5,22,37,5,59
4294968401,1,4222910106081243885,2,34,28,5,59
4294968401,1,12438609392272657985,3,35,26,5,59
4294968401,1,15873734495749366327,3,31,30,5,59
4294968401,1,10830506465995800493,3,32,29,5,59
4294968401,1,382686121347693269,4,35,25,5,59
4294968401,1,14107338993068931657,3,36,25,5,59
4294968401,1,15152547483900093781,5,25,34,5,59
4294968401,1,10629880691086503087,3,33,28,5,59
4294968401,1,14076876448070410111,4,30,30,5,59
4294968401,1,3231698576905786765,3,32,29,5,59
4294968409,1,9573193113635306987,4,32,28,6,58
4294968409,1,8157692526397576063,5,30,29,6,58
4294968409,1,5131083190630596353,3,32,29,6,58
4294968409,1,18390398072115303051,2,38,24,6,58
4294968409,1,8040658726041430401,1,31,32,6,58
4294968409,1,15020168160655523909,2,27,35,6,58
4294968409,1,17875913931153849855,5,29,30,6,58
4294968409,1,8670161506284579213,2,35,27,6,58
4294968409,1,7532692857024674259,3,30,31,6,58
4294968409,1,5922479514265563903,5,34,25,6,58
4294968413,1,1929527186026258101,4,32,28,7,57
4294968413,1,2966694950534931825,4,31,29,7,57
4294968413,1,7593511655442350939,4,29,31,7,57
4294968413,1,9139790288331774219,3,36,25,7,57
4294968413,1,12222508908744844351,5,27,32,7,57
4294968413,1,7387040163416257599,6,27,31,7,57
4294968413,1,14028744715705638173,6,27,31,7,57
4294968413,1,676942644132389297,3,34,27,7,57
4294968413,1,1624416440720259217,3,31,30,7,57
4294968413,1,4655936973339636291,2,24,38,7,57
4294968479,1,2138376059568132641,1,31,32,8,56
4294968479,1,14250993936618096289,3,35,26,8,56
4294968479,1,15954784224737231931,5,32,27,8,56
4294968479,1,15217220920377382009,5,33,26,8,56
4294968479,1,21233407727329673,4,33,27,8,56
4294968479,1,16036999464763551307,5,33,26,8,56
4294968479,1,8521959474081524205,5,33,26,8,56
4294968479,1,999888892457555923,5,29,30,8,56
4294968479,1,9563518857499732179,5,26,33,8,56
4294968479,1,11485567652930097789,5,37,22,8,56
4294968481,1,9195574616626971195,2,35,27,5,59
4294968481,1,8154216317195045267,3,25,36,5,59
4294968481,1,952069303598759281,3,34,27,5,59
4294968481,1,4926318109177701525,3,26,35,5,59
4294968481,1,2416767474068990101,2,27,35,5,59
4294968481,1,5313200000283178583,3,40,21,5,59
4294968481,1,16248752028802113607,2,30,32,5,59
4294968481,1,8941354509989348245,3,26,35,5,59
4294968481,1,532547151764768695,4,32,28,5,59
4294968481,1,11621859633716536909,2,27,35,5,59
4294968521,1,14744735927941137271,2,40,22,6,58
4294968521,1,13093182144749148477,2,35,27,6,58
4294968521,1,5732328301864384693,2,32,30,6,58
4294968521,1,252249341534914847,2,27,35,6,58
4294968521,1,7526099889829206327,2,33,29,6,58
4294968521,1,4144995430790106879,5,34,25,6,58
4294968521,1,15521195261413331033,3,33,28,6,58
4294968521,1,2092988269350733263,6,31,27,6,58
4294968521,1,17470187216887182061,4,32,28,6,58
4294968521,1,11948134830796063459,4,26,34,6,58
4294968533,1,2840265922278020569,5,31,28,7,57
4294968533,1,17204412330076899709,4,37,23,7,57
4294968533,1,5383895500371218635,3,36,25,7,57
4294968533,1,13012547828596436917,5,31,28,7,57
4294968533,1,7664443954921680003,4,33,27,7,57
4294968533,1,8900546192345167841,4,34,26,7,57
4294968533,1,8710917481271742449,6,33,25,7,57
4294968533,1,8426223105581852163,3,35,26,7,57
4294968533,1,2668173328914560321,4,25,35,7,57
4294968533,1,3516140695812485499,4,32,28,7,57
4294968583,1,11056565100377771285,4,34,26,6,58
4294968583,1,13766667596698751799,5,27,32,6,58
4294968583,1,2518134458928563853,3,31,30,6,58
4294968583,1,1287768736789487241,3,34,27,6,58
4294968583,1,14253340437480220249,2,31,31,6,58
4294968583,1,15761126508954769497,2,36,26,6,58
4294968583,1,6269591538753972903,4,25,35,6,58
4294968583,1,14530821453913974547,5,34,25,6,58
4294968583,1,4928465675736520883,3,32,29,6,58
4294968583,1,47320686176208849,4,26,34,6,58
4294968607,1,13393276732587909817,3,34,27,8,56
4294968607,1,15448703950008494079,7,29,28,8,56
4294968607,1,10697698148744269037,5,31,28,8,56
4294968607,1,12173758185424293933,4,31,29,8,56
4294968607,1,15961240819375608263,5,35,24,8,56
4294968607,1,8237345505945475427,3,29,32,8,56
4294968607,1,8934521615767595699,3,36,25,8,56
4294968607,1,6132434751448550139,4,31,29,8,56
4294968607,1,14072517088527414713,6,33,25,8,56
4294968607,1,6958297370649836445,6,28,30,8,56
4294968637,1,17208086854802437877,5,37,22,8,56
4294968637,1,16041319770923991071,5,29,30,8,56
4294968637,1,18092098536010909073,5,26,33,8,56
4294968637,1,4405184749745684959,5,29,30,8,56
4294968637,1,7064565259790537885,5,23,36,8,56
4294968637,1,15790652237766377349,4,35,25,8,56
4294968637,1,7577463134098167087,6,24,34,8,56
4294968637,1,5869317279709952043,3,28,33,8,56
4294968637,1,8724871781760171825,5,33,26,8,56
4294968637,1,16849812439368847473,4,32,28,8,56
4294968683,1,7032473436982640239,6,32,26,8,56
4294968683,1,18233020094627581587,3,33,28,8,56
4294968683,1,14617082954609296085,2,36,26,8,56
4294968683,1,12027627647604130553,4,35,25,8,56
4294968683,1,2805847914727269851,7,34,23,8,56
4294968683,1,17797869547857763247,5,42,17,8,56
4294968683,1,2328832624983416337,3,30,31,8,56
4294968683,1,17807630655636776729,5,29,30,8,56
4294968683,1,6124221301857325199,4,33,27,8,56
4294968683,1,1851400013782232599,3,34,27,8,56
4294968697,1,15588225982271254711,3,35,26,8,56
4294968697,1,1839356176315705449,4,31,29,8,56
4294968697,1,16794684695108696805,4,34,26,8,56
4294968697,1,283113216638795031,4,36,24,8,56
4294968697,1,2659198072066806819,3,33,28,8,56
4294968697,1,16065877578257554383,5,37,22,8,56
4294968697,1,17892544805433491375,6,38,20,8,56
4294968697,1,1380337601231468431,4,33,27,8,56
4294968697,1,14416596964184459569,4,23,37,8,56
4294968697,1,4888807414291085985,2,33,29,8,56
4294968719,1,11497106657996698353,3,42,19,8,56
4294968719,1,7332273153144854205,6,30,28,8,56
4294968719,1,1481556135551676915,4,34,26,8,56
4294968719,1,6060965273753438815,5,33,26,8,56
4294968719,1,12439700047207271073,2,31,31,8,56
4294968719,1,9843594270462564735,6,37,21,8,56
4294968719,1,17600768881059187635,5,28,31,8,56
4294968719,1,11562403973416662163,5,26,33,8,56
4294968719,1,16370354176338550129,4,41,19,8,56
4294968719,1,9001042289239795775,5,26,33,8,56
4294968739,1,9979983980660031057,3,30,31,7,57
4294968739,1,11390116710661009143,6,27,31,7,57
4294968739,1,4330746628727375277,6,23,35,7,57
4294968739,1,12624943690835805363,6,29,29,7,57
4294968739,1,5301206922555425391,4,31,29,7,57
4294968739,1,4196381175022308907,5,33,26,7,57
4294968739,1,1667204452365112481,5,27,32,7,57
4294968739,1,18047145682767757577,3,32,29,7,57
4294968739,1,14026345080046195085,4,28,32,7,57
4294968739,1,12984493935978957871,4,27,33,7,57
4294968767,1,1854031342688361053,4,40,20,10,54
4294968767,1,3068888558784015075,4,34,26,10,54
4294968767,1,5524174049899057003,7,29,28,10,54
4294968767,1,533982631977995449,7,30,27,10,54
4294968767,1,5983656486029889639,5,31,28,10,54
4294968767,1,1035217010156375795,6,30,28,10,54
4294968767,1,6612481557978031771,7,25,32,10,54
4294968767,1,7944768963164345835,8,33,23,10,54
4294968767,1,4504647595720970209,6,29,29,10,54
4294968767,1,7601013095862535195,6,30,28,10,54
4294968803,1,12576996934815885659,5,27,32,8,56
4294968803,1,3321463363483111015,5,28,31,8,56
4294968803,1,3229459620821208167,5,25,34,8,56
4294968803,1,11243138961427088649,4,27,33,8,56
4294968803,1,7056696807974197263,3,40,21,8,56
4294968803,1,12601608781280138923,6,32,26,8,56
4294968803,1,9180340365413516663,6,35,23,8,56
4294968803,1,10757350401162291613,4,33,27,8,56
4294968803,1,4283120750315134195,7,26,31,8,56
4294968803,1,11767263460106038203,6,34,24,8,56
4294968809,1,8477579352434059445,4,26,34,8,56
4294968809,1,12301040087803434827,6,26,32,8,56
4294968809,1,16581935588121763507,4,34,26,8,56
4294968809,1,8582407703924338401,6,34,24,8,56
4294968809,1,5305867674951461165,5,29,30,8,56
4294968809,1,10082956014018619439,3,40,21,8,56
4294968809,1,1362511580003112755,4,26,34,8,56
4294968809,1,17436519822867641331,6,34,24,8,56
4294968809,1,18218958019339156745,4,38,22,8,56
4294968809,1,5518421829807184229,4,33,27,8,56
4294968827,1,17746304068039572633,5,32,27,10,54
4294968827,1,12734036726849176249,6,32,26,10,54
4294968827,1,8427133217769156595,9,22,33,10,54
4294968827,1,5573161111792244379,6,30,28,10,54
4294968827,1,18435188422105621141,3,44,17,10,54
4294968827,1,15741260827476050337,4,31,29,10,54
4294968827,1,1967405627088274949,2,39,23,10,54
4294968827,1,7034929558809314129,5,28,31,10,54
4294968827,1,6621627709211117209,6,31,27,10,54
4294968827,1,5457882259965534205,9,34,21,10,54
4294968833,1,12899422283338158289,1,31,32,4,60
4294968833,1,404714138209893937,4,28,32,4,60
4294968833,1,15311490498122387915,2,39,23,4,60
4294968833,1,7301327295153815507,4,30,30,4,60
4294968833,1,149381111217412277,1,26,37,4,60
4294968833,1,15957676903085685087,1,35,28,4,60
4294968833,1,14357315202269089341,4,33,27,4,60
4294968833,1,17959802078119501311,3,37,24,4,60
4294968833,1,16797917871426382307,1,32,31,4,60
4294968833,1,13746000051283260605,3,37,24,4,60
4294968857,1,15363166039322494197,4,34,26,6,58
4294968857,1,16656209333292808327,2,39,23,6,58
4294968857,1,14309895235436807451,4,28,32,6,58
4294968857,1,4244935113730824411,3,32,29,6,58
4294968857,1,14793033578206239881,4,30,30,6,58
4294968857,1,4039920620374439117,3,29,32,6,58
4294968857,1,3507316179783476131,3,35,26,6,58
4294968857,1,4623248399472441663,3,33,28,6,58
4294968857,1,13937941478623017149,4,33,27,6,58
4294968857,1,14157336946683069209,5,29,30,6,58
4294968869,1,12559559694412160773,5,26,33,6,58
4294968869,1,2523131550122197745,3,32,29,6,58
4294968869,1,1792358145299111485,5,31,28,6,58
4294968869,1,11574559154291177221,5,24,35,6,58
4294968869,1,727218221747704849,2,30,32,6,58
4294968869,1,14547295799019452833,2,31,31,6,58
4294968869,1,615466942804380153,2,33,29,6,58
4294968869,1,6730501762943218405,5,32,27,6,58
4294968869,1,2424120016484691459,4,31,29,6,58
4294968869,1,16779671527679523607,3,36,25,6,58
4294968877,1,6026904106236140509,4,35,25,7,57
4294968877,1,7664679205201438695,5,34,25,7,57
4294968877,1,3704010261027798901,6,33,25,7,57
4294968877,1,14508600591054616945,2,36,26,7,57
4294968877,1,16167844307193471085,4,30,30,7,57
4294968877,1,6748880243218680459,3,35,26,7,57
4294968877,1,9256479566902718719,5,35,24,7,57
4294968877,1,5027242310310185035,2,34,28,7,57
4294968877,1,3035308891217451673,3,34,27,7,57
4294968877,1,16861227064651991693,4,33,27,7,57
4294968883,1,17417191067226136347,5,37,22,7,57
4294968883,1,17845086451157066011,3,38,23,7,57
4294968883,1,5444398765185566637,4,33,27,7,57
4294968883,1,16055989976577246055,4,35,25,7,57
4294968883,1,14835471921272195837,4,34,26,7,57
4294968883,1,8639189170070995731,5,31,28,7,57
4294968883,1,1389028063005650139,5,27,32,7,57
4294968883,1,13911639478847973085,4,22,38,7,57
4294968883,1,4161856445352808159,5,33,26,7,57
4294968883,1,12475970659508432023,4,31,29,7,57
4294968929,1,12440599125045953579,4,32,28,6,58
4294968929,1,7330948092543205027,4,36,24,6,58
4294968929,1,15601231903852526961,5,33,26,6,58
4294968929,1,10280603266995287207,4,32,28,6,58
4294968929,1,1665793979173793563,3,34,27,6,58
4294968929,1,7278615942453142053,3,26,35,6,58
4294968929,1,4878399725177416797,3,28,33,6,58
4294968929,1,2279809771628187033,2,33,29,6,58
4294968929,1,6799205347764263799,5,34,25,6,58
4294968929,1,13816825385129507597,3,42,19,6,58
4294968949,1,4836024459676518105,6,26,32,8,56
4294968949,1,7028679781590088443,6,29,29,8,56
4294968949,1,11779154868890628267,3,39,22,8,56
4294968949,1,6852479187886209087,5,34,25,8,56
4294968949,1,12448537196921393655,5,29,30,8,56
4294968949,1,8697213156547346591,4,35,25,8,56
4294968949,1,11428622389503067119,6,28,30,8,56
4294968949,1,17398399692208682731,5,33,26,8,56
4294968949,1,6050647859118236901,6,29,29,8,56
4294968949,1,11254030233282426391,5,32,27,8,56
4294968983,1,11947077805431031117,4,34,26,8,56
4294968983,1,11721133529657966053,4,32,28,8,56
4294968983,1,8564224302829285177,4,33,27,8,56
4294968983,1,12932591138586337485,3,37,24,8,56
4294968983,1,11976353956430108103,5,30,29,8,56
4294968983,1,2152291165561820123,6,30,28,8,56
4294968983,1,836500973769223473,3,32,29,8,56
4294968983,1,686442615276450365,5,33,26,8,56
4294968983,1,18371617357478680133,4,36,24,8,56
4294968983,1,2142044808474830241,4,32,28,8,56
4294967000,0,4331296036772483889,10,37,17,27,37
4294967000,0,9915984660161326363,14,30,20,27,37
4294967000,0,7169250125070131471,11,35,18,27,37
4294967000,0,6843954500347232071,14,37,13,27,37
4294967000,0,17512984041448864771,14,31,19,27,37
4294967000,0,12847861882777661015,18,28,18,27,37
4294967000,0,9964792716009888665,16,26,22,27,37
4294967000,0,10834517071426741265,14,37,13,27,37
4294967000,0,13403388620879255431,13,35,16,27,37
4294967000,0,16333001539126743053,12,35,17,27,37
4294967001,0,12081176713991937881,18,29,17,28,36
4294967001,0,15378922919708687195,16,32,16,28,36
4294967001,0,11356778850039486703,17,30,17,28,36
4294967001,0,17322471544613128273,13,30,21,28,36
4294967001,0,5160294882565614135,17,30,17,28,36
4294967001,0,12733430756821440563,7,42,15,28,36
4294967001,0,4007918269374336317,16,36,12,28,36
4294967001,0,8203190608718826959,13,36,15,28,36
4294967001,0,4355509425374991713,16,31,17,28,36
4294967001,0,6690376637755607209,18,29,17,28,36
4294967002,0,18094922596883582459,17,32,15,28,36
4294967002,0,6776133956967906797,16,33,15,28,36
4294967002,0,16633359255329709377,11,35,18,28,36
4294967002,0,11894955086303191885,16,29,19,28,36
4294967002,0,1116952035511635097,14,30,20,28,36
4294967002,0,5089114425846954701,17,26,21,28,36
4294967002,0,17860264434830101291,12,39,13,28,36
4294967002,0,17506159082657405949,17,37,10,28,36
4294967002,0,15203642026220893157,13,41,10,28,36
4294967002,0,1691076145629911961,14,35,15,28,36
4294967003,0,3912661719979865675,17,25,22,29,35
4294967003,0,11796562185881566835,16,33,15,29,35
4294967003,0,17913509824752946875,18,27,19,29,35
4294967003,0,933008849747029673,16,31,17,29,35
4294967003,0,6152158033442725595,20,23,21,29,35
4294967003,0,18240526197905328099,16,37,11,29,35
4294967003,0,14517183627902356517,9,39,16,29,35
4294967003,0,3785374745923956399,12,31,21,29,35
4294967003,0,15307437183255736145,12,33,19,29,35
4294967003,0,10223329220803779205,14,31,19,29,35
4294967004,0,10816858754860467185,10,38,16,28,36
4294967004,0,14998180219813664383,15,30,19,28,36
4294967004,0,4298067024877476889,15,33,16,28,36
4294967004,0,14284579014748961415,13,33,18,28,36
4294967004,0,14547909428893850693,12,32,20,28,36
4294967004,0,10993920751711105961,13,29,22,28,36
4294967004,0,5114818085428778147,10,43,11,28,36
4294967004,0,18152115200701006077,14,34,16,28,36
4294967004,0,18216663526687786361,10,42,12,28,36
4294967004,0,9965216363784382997,11,35,18,28,36
4294967005,0,14729980141055434653,15,33,16,29,35
4294967005,0,2027783176497911783,17,25,22,29,35
4294967005,0,15983142477556814541,16,33,15,29,35
4294967005,0,2431340446180017969,11,36,17,29,35
4294967005,0,6608403584118547171,14,32,18,29,35
4294967005,0,14543994822365835103,18,31,15,29,35
4294967005,0,10862419153888286183,15,34,15,29,35
4294967005,0,291109646308126681,17,25,22,29,35
4294967005,0,4895166599584769583,15,30,19,29,35
4294967005,0,2338282369144456627,11,38,15,29,35
4294967006,0,7765351718176504859,17,28,19,29,35
4294967006,0,2096459614876699277,14,31,19,29,35
4294967006,0,1172438822749989753,19,26,19,29,35
4294967006,0,8269218141828759913,14,31,19,29,35
4294967006,0,6678440296242225123,15,31,18,29,35
4294967006,0,10951205101265719303,11,38,15,29,35
4294967006,0,8338028348171810477,18,30,16,29,35
4294967006,0,4086871558532600471,15,32,17,29,35
4294967006,0,11346718513877664361,12,38,14,29,35
4294967006,0,13415265400746801295,15,31,18,29,35
4294967007,0,16763509701865476197,10,37,17,30,34
4294967007,0,12154616396087719403,20,31,13,30,34
4294967007,0,5564097531110871987,17,32,15,30,34
4294967007,0,11867540896230819399,14,32,18,30,34
4294967007,0,574627892035218315,18,30,16,30,34
4294967007,0,18420674369808384225,11,41,12,30,34
4294967007,0,15629899442656546543,20,29,15,30,34
4294967007,0,7863360362149602161,13,31,20,30,34
4294967007,0,1991544207451624933,15,34,15,30,34
4294967007,0,13141484649412969061,13,39,12,30,34
4294967008,0,8182280785779369795,12,31,21,26,38
4294967008,0,16588543898093111693,8,38,18,26,38
4294967008,0,5941914304619917149,13,35,16,26,38
4294967008,0,2736276246160302421,13,36,15,26,38
4294967008,0,2327823947742088465,7,34,23,26,38
4294967008,0,11516625059291034319,14,35,15,26,38
4294967008,0,10798072531082367225,10,36,18,26,38
4294967008,0,13136900377664362069,10,36,18,26,38
4294967008,0,7026445856316283507,16,28,20,26,38
4294967008,0,11019934643177647275,20,26,18,26,38
4294967009,0,5439903307631071911,14,34,16,27,37
4294967009,0,9325771339109675411,12,36,16,27,37
4294967009,0,7935776891774779413,13,29,22,27,37
4294967009,0,14630040683833180781,13,31,20,27,37
4294967009,0,2110567002650693857,17,24,23,27,37
4294967009,0,12077322377861570541,16,31,17,27,37
4294967009,0,16190821893079726439,14,32,18,27,37
4294967009,0,10170339890007031259,16,30,18,27,37
4294967009,0,15965515347915241197,16,32,16,27,37
4294967009,0,7933390095167242339,13,26,25,27,37
4294967010,0,16382387771611355719,14,34,16,27,37
4294967010,0,7633513069141724693,14,37,13,27,37
4294967010,0,15263190684736436453,13,36,15,27,37
4294967010,0,7355273646880358665,7,38,19,27,37
4294967010,0,13458975297403505719,15,34,15,27,37
4294967010,0,5765499455006018479,13,30,21,27,37
4294967010,0,5765042360241121269,13,31,20,27,37
4294967010,0,4701886845670425177,9,32,23,27,37
4294967010,0,17590677155293049097,12,35,17,27,37
4294967010,0,12669611756680861741,11,34,19,27,37
4294967011,0,8748698379888410453,15,34,15,28,36
4294967011,0,1682800261676901907,13,31,20,28,36
4294967011,0,1574694563731144875,15,29,20,28,36
4294967011,0,7966715600592301441,17,30,17,28,36
4294967011,0,13735242113794732613,12,37,15,28,36
4294967011,0,6874121196512853009,14,33,17,28,36
4294967011,0,2400206476440247485,15,31,18,28,36
4294967011,0,1106453753309843459,13,33,18,28,36
4294967011,0,17646609557522387785,11,38,15,28,36
4294967011,0,10361229590327992467,12,36,16,28,36
4294967012,0,12359563312497929671,14,35,15,27,37
4294967012,0,7578081774086556833,13,29,22,27,37
4294967012,0,16115211659731363665,12,40,12,27,37
4294967012,0,17360781743465152925,12,36,16,27,37
4294967012,0,7801807916017819903,10,38,16,27,37
4294967012,0,16894333817655609711,16,32,16,27,37
4294967012,0,949012605271764677,17,28,19,27,37
4294967012,0,5305826052711971045,20,21,23,27,37
4294967012,0,5763664904845556181,15,34,15,27,37
4294967012,0,1911093103419554833,11,30,23,27,37
4294967013,0,9360109461440722893,18,29,17,28,36
4294967013,0,2854267908139650277,16,27,21,28,36
4294967013,0,8894824461918789315,17,29,18,28,36
4294967013,0,15629462334150810753,12,32,20,28,36
4294967013,0,6458463192429638451,13,30,21,28,36
4294967013,0,10261286832145327201,14,28,22,28,36
4294967013,0,2119259984957569829,15,32,17,28,36
4294967013,0,5138676571891703661,16,30,18,28,36
4294967013,0,4171898893249296341,16,32,16,28,36
4294967013,0,7915726765533040461,15,34,15,28,36
4294967014,0,10347990664093636285,14,36,14,28,36
4294967014,0,14156631495099015901,19,29,16,28,36
4294967014,0,11468779890451704889,11,36,17,28,36
4294967014,0,12451122674914239331,13,32,19,28,36
4294967014,0,10270035898700132011,16,32,16,28,36
4294967014,0,11233973320602391089,10,40,14,28,36
4294967014,0,12134844291069016009,17,28,19,28,36
4294967014,0,12792285517439273689,14,34,16,28,36
4294967014,0,534091991998755907,14,32,18,28,36
4294967014,0,5040948905012871031,19,26,19,28,36
4294967015,0,14063973243877069067,12,33,19,29,35
4294967015,0,16999366789506375361,16,31,17,29,35
4294967015,0,6475239275553013689,20,29,15,29,35
4294967015,0,3346341889448093217,8,34,22,29,35
4294967015,0,2642523575137817229,18,22,24,29,35
4294967015,0,12125868224474147671,16,33,15,29,35
4294967015,0,1283624516560997785,14,31,19,29,35
4294967015,0,13668466646825690533,13,37,14,29,35
4294967015,0,17926736296954793861,14,34,16,29,35
4294967015,0,1692630522537780431,15,36,13,29,35
4294967016,0,9785678371156471347,13,34,17,27,37
4294967016,0,6939561914440807121,14,29,21,27,37
4294967016,0,8368287785676317793,14,27,23,27,37
4294967016,0,2903688585536664983,13,34,17,27,37
4294967016,0,5748694739511397541,17,31,16,27,37
4294967016,0,5983808118457009001,14,29,21,27,37
4294967016,0,17365901774457582321,17,25,22,27,37
4294967016,0,10998387447549513647,15,30,19,27,37
4294967016,0,16294787226225589911,17,29,18,27,37
4294967016,0,2869942734196032929,14,31,19,27,37
4294967017,0,13916885579608097747,9,37,18,28,36
4294967017,0,917955885289612461,15,28,21,28,36
4294967017,0,1504913546495473341,15,29,20,28,36
4294967017,0,8173991586353940521,11,34,19,28,36
4294967017,0,7821691982131286137,15,30,19,28,36
4294967017,0,11198575739720192863,14,35,15,28,36
4294967017,0,7640341458174201543,15,30,19,28,36
4294967017,0,3976545542903579437,14,33,17,28,36
4294967017,0,9451121266607256615,13,30,21,28,36
4294967017,0,6367315293418759399,13,34,17,28,36
4294967018,0,2045555258344526313,15,30,19,28,36
4294967018,0,12510911860956124989,11,38,15,28,36
4294967018,0,10941395654369429105,14,33,17,28,36
4294967018,0,9720218610274924237,18,28,18,28,36
4294967018,0,5689333589767435031,12,35,17,28,36
4294967018,0,4067847222264363241,13,36,15,28,36
4294967018,0,18159817067210996553,17,26,21,28,36
4294967018,0,1010548825991765073,14,28,22,28,36
4294967018,0,3770941115091896301,16,31,17,28,36
4294967018,0,17438151480340763051,14,27,23,28,36
4294967019,0,14155100327389654549,13,28,23,29,35
4294967019,0,14096280505139974625,12,32,20,29,35
4294967019,0,5339357112733121021,15,28,21,29,35
4294967019,0,2213320576024433571,20,28,16,29,35
4294967019,0,9175139833326769743,15,31,18,29,35
4294967019,0,7944182869230637377,15,33,16,29,35
4294967019,0,2383055647093183921,15,27,22,29,35
4294967019,0,9824410272991102567,14,30,20,29,35
4294967019,0,4244793448120700127,16,29,19,29,35
4294967019,0,10306630608588190059,10,34,20,29,35
4294967020,0,12323313679013950333,17,31,16,28,36
4294967020,0,6533231227361764023,14,35,15,28,36
4294967020,0,7324670220846729763,11,34,19,28,36
4294967020,0,13688246477554226911,17,35,12,28,36
4294967020,0,8046831317562970673,10,38,16,28,36
4294967020,0,8480968956793601759,14,34,16,28,36
4294967020,0,1436311585421348141,16,32,16,28,36
4294967020,0,5774949283999727091,17,29,18,28,36
4294967020,0,7918897365231399889,14,34,16,28,36
4294967020,0,7460285391624098395,12,30,22,28,36
4294967021,0,11808529524132526409,15,28,21,29,35
4294967021,0,5340612966161972679,20,26,18,29,35
4294967021,0,7471527320524423321,12,32,20,29,35
4294967021,0,17823238388629035755,16,33,15,29,35
4294967021,0,3170500582484214269,12,41,11,29,35
4294967021,0,17480398631942189763,15,33,16,29,35
4294967021,0,8487289742478374157,17,29,18,29,35
4294967021,0,12721059905822238311,20,22,22,29,35
4294967021,0,6675004018071570377,17,26,21,29,35
4294967021,0,8055910440536878611,14,38,12,29,35
4294967022,0,1952830201854435457,8,37,19,29,35
4294967022,0,8036813345863105801,15,33,16,29,35
4294967022,0,7386995236527949009,10,35,19,29,35
4294967022,0,1450782775939590353,10,36,18,29,35
4294967022,0,16058341104592942923,15,34,15,29,35
4294967022,0,13757670811889444683,16,33,15,29,35
4294967022,0,4087283080118294451,16,32,16,29,35
4294967022,0,14372187950945664061,16,31,17,29,35
4294967022,0,1408950810855522013,16,29,19,29,35
4294967022,0,11680933389307676765,12,31,21,29,35
4294967023,0,9787931392321051025,12,41,11,30,34
4294967023,0,3576891977964992487,15,31,18,30,34
4294967023,0,14318883500842454363,18,32,14,30,34
4294967023,0,6476646895290722393,13,32,19,30,34
4294967023,0,17676100882346116175,16,28,20,30,34
4294967023,0,11906321304252751239,16,28,20,30,34
4294967023,0,2724396582255870975,16,27,21,30,34
4294967023,0,1896408837372255621,15,30,19,30,34
4294967023,0,4721780303029165651,17,26,21,30,34
4294967023,0,3200492093751453601,11,36,17,30,34
4294967024,0,2819949832627999213,14,33,17,27,37
4294967024,0,14003889662425135147,13,36,15,27,37
4294967024,0,1390022595722571869,16,29,19,27,37
4294967024,0,17548242675698332359,14,36,14,27,37
4294967024,0,11583610316270427985,16,23,25,27,37
4294967024,0,8558423535762961433,17,28,19,27,37
4294967024,0,10399084148708039825,12,34,18,27,37
4294967024,0,10689299551393107719,11,32,21,27,37
4294967024,0,12564694850897409141,17,30,17,27,37
4294967024,0,16270916664887172999,15,36,13,27,37
4294967025,0,11861105764368287899,9,37,18,28,36
4294967025,0,18198302358920947999,12,39,13,28,36
4294967025,0,5962139604304832711,15,31,18,28,36
4294967025,0,17911291548306196607,18,28,18,28,36
4294967025,0,5831733337669063137,11,34,19,28,36
4294967025,0,8112192233419384035,13,32,19,28,36
4294967025,0,8650067256878511451,14,33,17,28,36
4294967025,0,11646999702812265515,12,31,21,28,36
4294967025,0,14689689856234595283,14,31,19,28,36
4294967025,0,10909768887856857959,10,34,20,28,36
4294967026,0,6492188052803374029,11,35,18,28,36
4294967026,0,1368576139750069385,10,38,16,28,36
4294967026,0,8517645453313368969,15,31,18,28,36
4294967026,0,693731322978410641,12,29,23,28,36
4294967026,0,6802008099978762423,12,34,18,28,36
4294967026,0,5295636598697366027,12,36,16,28,36
4294967026,0,11891997348909589651,12,31,21,28,36
4294967026,0,18029267105857109375,21,28,15,28,36
4294967026,0,1665676526805615015,14,36,14,28,36
4294967026,0,10958838358099439749,12,33,19,28,36
4294967027,0,7092449909480043091,15,31,18,29,35
4294967027,0,10705187991354361199,15,31,18,29,35
4294967027,0,17602463753212243309,17,28,19,29,35
4294967027,0,13630687335597511227,15,35,14,29,35
4294967027,0,756735497230364183,15,28,21,29,35
4294967027,0,16769011905726627691,17,37,10,29,35
4294967027,0,10545204605712603273,12,34,18,29,35
4294967027,0,3472405276917682649,17,27,20,29,35
4294967027,0,11160387793217098751,17,30,17,29,35
4294967027,0,9248594367487333093,16,28,20,29,35
4294967028,0,17666859317134808265,14,34,16,28,36
4294967028,0,8310684601887945855,18,33,13,28,36
4294967028,0,14959697200689387867,14,35,15,28,36
4294967028,0,15446882581511744775,13,38,13,28,36
4294967028,0,18121815419691698609,16,36,12,28,36
4294967028,0,1555597858728403543,17,24,23,28,36
4294967028,0,11918941093639102363,11,36,17,28,36
4294967028,0,722044819935646251,11,33,20,28,36
4294967028,0,13053316477387284983,16,31,17,28,36
4294967028,0,18280465610725977363,10,39,15,28,36
4294967030,0,9667358532004868689,16,30,18,29,35
4294967030,0,11248924344410362023,14,31,19,29,35
4294967030,0,6712732497884714873,13,33,18,29,35
4294967030,0,16932945094778239551,19,35,10,29,35
4294967030,0,7146574197323183807,17,33,14,29,35
4294967030,0,14286353704170101865,12,30,22,29,35
4294967030,0,12523452487092353715,18,32,14,29,35
4294967030,0,965973254500977755,13,35,16,29,35
4294967030,0,11637803221544257197,13,31,20,29,35
4294967030,0,6173190912893898179,16,32,16,29,35
4294967031,0,6081721077793266037,16,30,18,30,34
4294967031,0,10292604618046278307,12,37,15,30,34
4294967031,0,7130850963701253323,15,36,13,30,34
4294967031,0,4648501762049563455,18,27,19,30,34
4294967031,0,15708624867098532815,17,29,18,30,34
4294967031,0,17790224953439982947,12,38,14,30,34
4294967031,0,11117867623793431357,12,35,17,30,34
4294967031,0,2773898301090513303,18,33,13,30,34
4294967031,0,1503446229585442553,18,26,20,30,34
4294967031,0,12241482705428966075,17,32,15,30,34
4294967032,0,16910987202332501625,13,35,16,28,36
4294967032,0,5722765369023519469,17,29,18,28,36
4294967032,0,12102073471723042143,20,32,12,28,36
4294967032,0,12214237834286961965,15,28,21,28,36
4294967032,0,2378738196572232645,14,30,20,28,36
4294967032,0,13075679656329649955,12,37,15,28,36
4294967032,0,1562789962814908819,11,31,22,28,36
4294967032,0,10310292372331741743,11,33,20,28,36
4294967032,0,11870355443785010717,12,36,16,28,36
4294967032,0,6059322920950979519,16,29,19,28,36
4294967033,0,2357378793442435265,12,31,21,29,35
4294967033,0,12964941187714432919,17,33,14,29,35
4294967033,0,17471070388295739305,16,35,13,29,35
4294967033,0,18394431164763887163,15,35,14,29,35
4294967033,0,16831694497702695439,17,32,15,29,35
4294967033,0,1723902963233175243,15,30,19,29,35
4294967033,0,12367730975854158313,15,30,19,29,35
4294967033,0,9379957002868120597,13,29,22,29,35
4294967033,0,336294115469739049,12,31,21,29,35
4294967033,0,5697573444562137961,16,30,18,29,35
4294967034,0,17545976925844256239,16,37,11,29,35
4294967034,0,6303849094692820117,14,36,14,29,35
4294967034,0,14133087549418791737,15,29,20,29,35
4294967034,0,3541871411532152911,14,28,22,29,35
4294967034,0,18446312825606289821,18,38,8,29,35
4294967034,0,2858234061006535613,17,33,14,29,35
4294967034,0,5456401134061164373,11,38,15,29,35
4294967034,0,14538251171424662885,13,35,16,29,35
4294967034,0,9365222209936972907,15,37,12,29,35
4294967034,0,9957013009066363827,13,33,18,29,35
4294967035,0,13625576801442621867,17,32,15,30,34
4294967035,0,9712794301447601811,18,28,18,30,34
4294967035,0,12210439306537980353,12,36,16,30,34
4294967035,0,16166593100745420949,13,33,18,30,34
4294967035,0,11400668370407570489,15,35,14,30,34
4294967035,0,11017252303543234077,13,32,19,30,34
4294967035,0,2845461228727350945,13,36,15,30,34
4294967035,0,3336019176740948097,9,38,17,30,34
4294967035,0,12780746211633334165,14,36,14,30,34
4294967035,0,11524427771458005633,14,43,7,30,34
4294967036,0,16651063914819059003,18,30,16,29,35
4294967036,0,13303478212989339219,11,40,13,29,35
4294967036,0,805983102106819935,14,35,15,29,35
4294967036,0,6720138006133344183,14,35,15,29,35
4294967036,0,13274012768142761669,15,28,21,29,35
4294967036,0,17885752836848797549,17,33,14,29,35
4294967036,0,11263497473051001259,13,38,13,29,35
4294967036,0,13879167190247213421,12,32,20,29,35
4294967036,0,14458564615545558723,14,33,17,29,35
4294967036,0,4316592441083621743,17,36,11,29,35
4294967037,0,4411880027532358773,16,28,20,30,34
4294967037,0,17812113973600405929,15,34,15,30,34
4294967037,0,14469077136671111493,15,35,14,30,34
4294967037,0,16675383190714673155,10,40,14,30,34
4294967037,0,3578966796457868743,19,28,17,30,34
4294967037,0,12512552375617770285,16,30,18,30,34
4294967037,0,10522380535911096163,18,24,22,30,34
4294967037,0,8127587585926381321,14,35,15,30,34
4294967037,0,14193636067830180007,14,36,14,30,34
4294967037,0,14353854938656944417,8,36,20,30,34
4294967038,0,9276991050168296539,13,35,16,30,34
4294967038,0,7722929032488524501,15,32,17,30,34
4294967038,0,2989445671940872607,20,31,13,30,34
4294967038,0,3683772953408817345,14,37,13,30,34
4294967038,0,11154071895544910617,15,33,16,30,34
4294967038,0,16104043060210308617,12,41,11,30,34
4294967038,0,962547445357622769,8,42,14,30,34
4294967038,0,8865332781151178531,11,40,13,30,34
4294967038,0,6847654676608196815,17,30,17,30,34
4294967038,0,17234674085770191323,17,34,13,30,34
4294967039,0,13123031758847300103,12,40,12,31,33
4294967039,0,9516848414248953197,15,29,20,31,33
4294967039,0,2299898915570713779,16,32,16,31,33
4294967039,0,1547222906880779217,16,31,17,31,33
4294967039,0,2957240683433009131,20,27,17,31,33
4294967039,0,8288476576741697165,16,28,20,31,33
4294967039,0,9469686589807535579,17,31,16,31,33
4294967039,0,15330106119766451247,15,36,13,31,33
4294967039,0,1691816752536499123,21,29,14,31,33
4294967039,0,16795851931586667435,14,36,14,31,33
4294967040,0,15065515883882838939,15,29,20,24,40
4294967040,0,16318539011125485495,16,30,18,24,40
4294967040,0,17164177561140226117,13,31,20,24,40
4294967040,0,7653497134491360147,13,31,20,24,40
4294967040,0,7313284807925055069,11,33,20,24,40
4294967040,0,6898371899404028361,7,41,16,24,40
4294967040,0,7123507482552169383,15,28,21,24,40
4294967040,0,1505354619538716323,15,23,26,24,40
4294967040,0,4142009085404530415,15,35,14,24,40
4294967040,0,5878698222657424519,11,32,21,24,40
4294967041,0,1827761029443656541,15,29,20,25,39
4294967041,0,13183966790911541709,12,39,13,25,39
4294967041,0,6185015344418247373,13,35,16,25,39
4294967041,0,2694134182457109493,16,30,18,25,39
4294967041,0,706569240869190169,13,32,19,25,39
4294967041,0,16922972292016827803,13,35,16,25,39
4294967041,0,8715255191435952477,12,36,16,25,39
4294967041,0,15331282492190737931,12,29,23,25,39
4294967041,0,13998148508252105463,13,34,17,25,39
4294967041,0,8653554532541662413,11,38,15,25,39
4294967042,0,11351171817304198109,14,33,17,25,39
4294967042,0,16710121287939794019,7,40,17,25,39
4294967042,0,350559852424602615,8,36,20,25,39
4294967042,0,3978127821666269955,10,32,22,25,39
4294967042,0,2758150180564902989,9,37,18,25,39
4294967042,0,17344107434381045571,16,27,21,25,39
4294967042,0,11231855367865241369,12,35,17,25,39
4294967042,0,7807672284882929797,8,36,20,25,39
4294967042,0,14317857897893510647,15,36,13,25,39
4294967042,0,4383688535455106665,8,44,12,25,39
4294967043,0,2247705255151681211,13,31,20,26,38
4294967043,0,4398432491430039239,12,32,20,26,38
4294967043,0,11786579044550160333,17,28,19,26,38
4294967043,0,11488827135531743435,16,28,20,26,38
4294967043,0,1158587500441462261,12,27,25,26,38
4294967043,0,15434164127695711939,12,28,24,26,38
4294967043,0,9220221690820670663,18,32,14,26,38
4294967043,0,9888447046598517707,14,29,21,26,38
4294967043,0,11657511053619960677,10,34,20,26,38
4294967043,0,10607753377115777523,16,33,15,26,38
4294967044,0,13254803379016673353,15,31,18,25,39
4294967044,0,5373019807492961209,10,32,22,25,39
4294967044,0,28856946507553185,13,27,24,25,39
4294967044,0,6508307183428708659,11,33,20,25,39
4294967044,0,10526887555592724031,15,28,21,25,39
4294967044,0,3455331720048684191,11,39,14,25,39
4294967044,0,12326389351613480153,10,33,21,25,39
4294967044,0,9656585571390901199,14,28,22,25,39
4294967044,0,6651965225321034977,13,27,24,25,39
4294967044,0,17587193574721810073,11,30,23,25,39
4294967045,0,10036540696936830183,14,31,19,26,38
4294967045,0,14506746983565245023,11,32,21,26,38
4294967045,0,9363983996150827739,13,34,17,26,38
4294967045,0,375101697025697561,16,21,27,26,38
4294967045,0,16110121479398803101,15,30,19,26,38
4294967045,0,803068421475059153,13,29,22,26,38
4294967045,0,7136700623075627563,13,32,19,26,38
4294967045,0,6886213660795299405,16,31,17,26,38
4294967045,0,13785557991349500213,14,31,19,26,38
4294967045,0,6587219250642449273,9,33,22,26,38
4294967046,0,1246253857459958457,13,32,19,26,38
4294967046,0,4447988151784634877,12,38,14,26,38
4294967046,0,12121436647868990923,12,36,16,26,38
4294967046,0,1912260858970731209,11,35,18,26,38
4294967046,0,10734221662363917613,11,38,15,26,38
4294967046,0,13958262502450345695,15,33,16,26,38
4294967046,0,2460972689592938631,15,27,22,26,38
4294967046,0,6498770300587054435,12,28,24,26,38
4294967046,0,6245094630703468161,13,30,21,26,38
4294967046,0,11857486276238384635,10,35,19,26,38
4294967047,0,15317874761696191493,12,28,24,27,37
4294967047,0,12630164052420977557,17,30,17,27,37
4294967047,0,18092920508037301931,15,37,12,27,37
4294967047,0,8827342099138807739,11,34,19,27,37
4294967047,0,3362435486780584145,12,32,20,27,37
4294967047,0,2487591112244350953,18,29,17,27,37
4294967047,0,13208699897918217043,12,36,16,27,37
4294967047,0,17406442791100508655,15,33,16,27,37
4294967047,0,682230555930688805,16,27,21,27,37
4294967047,0,3718697482023013755,14,35,15,27,37
4294967048,0,14593389185037951831,12,30,22,25,39
4294967048,0,16339948584496559221,9,35,20,25,39
4294967048,0,5821715250922805519,12,31,21,25,39
4294967048,0,5719890487925630613,15,28,21,25,39
4294967048,0,7345937212878368199,11,35,18,25,39
4294967048,0,15041587275751695673,16,32,16,25,39
4294967048,0,8732684326405410633,10,30,24,25,39
4294967048,0,675533902174563279,11,35,18,25,39
4294967048,0,11933208052646784115,12,37,15,25,39
4294967048,0,5277814474532464535,11,33,20,25,39
4294967049,0,15903648803469830367,13,35,16,26,38
4294967049,0,881828686975024059,17,25,22,26,38
4294967049,0,12096108728078890151,15,31,18,26,38
4294967049,0,5039956901362205737,12,29,23,26,38
4294967049,0,14745264962752321547,16,26,22,26,38
4294967049,0,8060330272324223271,12,36,16,26,38
4294967049,0,7379099318402507617,15,33,16,26,38
4294967049,0,8111709146631989741,15,30,19,26,38
4294967049,0,17643918100410070641,14,33,17,26,38
4294967049,0,6254121852411258583,14,32,18,26,38
4294967050,0,3446169337428570877,15,30,19,26,38
4294967050,0,12766410270784826553,14,29,21,26,38
4294967050,0,6776354670234153315,17,28,19,26,38
4294967050,0,14707420853996330069,15,30,19,26,38
4294967050,0,4920128353990558501,12,33,19,26,38
4294967050,0,1523913327013005955,10,29,25,26,38
4294967050,0,7830636655531917413,7,35,22,26,38
4294967050,0,7943299924164382563,11,33,20,26,38
4294967050,0,18356321180626608387,12,36,16,26,38
4294967050,0,3328834571168183631,14,31,19,26,38
4294967051,0,5419034027244139981,13,32,19,27,37
4294967051,0,1892597423629068691,14,30,20,27,37
4294967051,0,6049054553033106801,14,32,18,27,37
4294967051,0,5453594573008928917,8,41,15,27,37
4294967051,0,8225693938954437435,15,28,21,27,37
4294967051,0,13238544021657577789,13,34,17,27,37
4294967051,0,3074053381436076399,16,29,19,27,37
4294967051,0,8188664330302287147,14,32,18,27,37
4294967051,0,8248086446930328509,20,29,15,27,37
4294967051,0,13407359126159739299,14,27,23,27,37
4294967052,0,16816185289985409415,15,33,16,26,38
4294967052,0,11342007889985360819,10,37,17,26,38
4294967052,0,8023236145733618737,15,29,20,26,38
4294967052,0,11796126704685630103,9,37,18,26,38
4294967052,0,14600188830958162251,14,30,20,26,38
4294967052,0,1058069616962165899,15,29,20,26,38
4294967052,0,12381157414831252955,13,34,17,26,38
4294967052,0,7493256150728836491,10,37,17,26,38
4294967052,0,9464766474808849759,14,33,17,26,38
4294967052,0,13833176231687004223,11,40,13,26,38
4294967053,0,2951234132655331969,17,28,19,27,37
4294967053,0,574443083839177093,14,30,20,27,37
4294967053,0,15655185532886790637,12,31,21,27,37
4294967053,0,12508531806222017995,15,35,14,27,37
4294967053,0,8082861964591894455,10,31,23,27,37
4294967053,0,2328532952220734935,11,30,23,27,37
4294967053,0,4353346364381738149,11,33,20,27,37
4294967053,0,11901154540026382481,12,35,17,27,37
4294967053,0,6680499181536654311,17,32,15,27,37
4294967053,0,17514576863194955495,12,34,18,27,37
4294967054,0,597403702469784057,13,29,22,27,37
4294967054,0,2830434560773684907,18,29,17,27,37
4294967054,0,8299606445068321481,13,30,21,27,37
4294967054,0,6843087387231656287,16,34,14,27,37
4294967054,0,8189234399946753245,14,29,21,27,37
4294967054,0,1418285847519265035,12,33,19,27,37
4294967054,0,2540026352601172399,14,33,17,27,37
4294967054,0,6769031789786345177,13,35,16,27,37
4294967054,0,5799387766179860277,15,29,20,27,37
4294967054,0,5140918879342140637,13,35,16,27,37
4294967055,0,17718467640292707485,17,30,17,28,36
4294967055,0,478016730817034231,16,29,19,28,36
4294967055,0,3431980697195458571,14,27,23,28,36
4294967055,0,9550714517651019865,15,26,23,28,36
4294967055,0,16851884819851877067,13,40,11,28,36
4294967055,0,2172307015195019371,15,30,19,28,36
4294967055,0,14295571480745069505,11,31,22,28,36
4294967055,0,12987205394473572775,12,38,14,28,36
4294967055,0,3958125588555691111,17,27,20,28,36
4294967055,0,11287141841617668283,16,35,13,28,36
4294967056,0,12801683285799047401,9,39,16,25,39
4294967056,0,18421450706002009229,14,33,17,25,39
4294967056,0,3692638627797355457,17,27,20,25,39
4294967056,0,2503747358914062983,12,34,18,25,39
4294967056,0,1366019068029752047,12,34,18,25,39
4294967056,0,3184947689078460889,13,29,22,25,39
4294967056,0,13159351826787587105,13,32,19,25,39
4294967056,0,18396244425680539279,14,36,14,25,39
4294967056,0,14951329826940220463,12,38,14,25,39
4294967056,0,17848354419617491569,14,34,16,25,39
4294967057,0,18199090318818939913,11,29,24,26,38
4294967057,0,12319469681077420297,9,37,18,26,38
4294967057,0,13088711762863250723,14,26,24,26,38
4294967057,0,10145656589674076399,12,36,16,26,38
4294967057,0,5356238598885326345,15,25,24,26,38
4294967057,0,5533224040760496183,12,35,17,26,38
4294967057,0,2905458951773674765,17,22,25,26,38
4294967057,0,13089141561805577989,15,31,18,26,38
4294967057,0,12916765429718131381,14,29,21,26,38
4294967057,0,3211412316281130761,11,31,22,26,38
4294967058,0,6668353746003537827,17,25,22,26,38
4294967058,0,4136527715572240647,12,32,20,26,38
4294967058,0,18172488039896554511,12,35,17,26,38
4294967058,0,14611032799695827727,15,30,19,26,38
4294967058,0,4367011765214342981,13,31,20,26,38
4294967058,0,9113096285318407051,14,32,18,26,38
4294967058,0,6657365829089922259,12,36,16,26,38
4294967058,0,10556654862871058779,14,27,23,26,38
4294967058,0,8622115885885224543,16,35,13,26,38
4294967058,0,18133370030450853459,16,35,13,26,38
4294967059,0,2393856580924259289,15,29,20,27,37
4294967059,0,16311467927983924677,12,36,16,27,37
4294967059,0,1212838536434300873,11,34,19,27,37
4294967059,0,7344755142504066367,17,34,13,27,37
4294967059,0,13225090588063659511,21,28,15,27,37
4294967059,0,8829812757701842827,15,33,16,27,37
4294967059,0,7577832435788021149,16,32,16,27,37
4294967059,0,7552715420842063837,18,25,21,27,37
4294967059,0,10605042545405091557,14,30,20,27,37
4294967059,0,2311871021900190631,12,30,22,27,37
4294967060,0,5848128290177278155,14,31,19,26,38
4294967060,0,1368103109811785033,10,36,18,26,38
4294967060,0,8593105795920529225,12,31,21,26,38
4294967060,0,9543607756303081321,15,28,21,26,38
4294967060,0,2367355678335573733,11,32,21,26,38
4294967060,0,15293341898635345695,16,32,16,26,38
4294967060,0,10169753472400838589,19,25,20,26,38
4294967060,0,10842737721383422181,11,32,21,26,38
4294967060,0,14163071305528976087,12,31,21,26,38
4294967060,0,2380238001618624061,18,23,23,26,38
4294967061,0,9276199526568301161,10,35,19,27,37
4294967061,0,16015677714889732201,11,34,19,27,37
4294967061,0,15336453505509460313,13,32,19,27,37
4294967061,0,9557297481134966265,13,32,19,27,37
4294967061,0,5610107680219465097,10,37,17,27,37
4294967061,0,2987763084995000177,15,30,19,27,37
4294967061,0,17242869586749678853,14,31,19,27,37
4294967061,0,4159192671171562109,16,31,17,27,37
4294967061,0,17477978819642324977,15,28,21,27,37
4294967061,0,9571974740807980677,16,29,19,27,37
4294967062,0,5239766461791722879,17,31,16,27,37
4294967062,0,1454708489100139669,14,26,24,27,37
4294967062,0,3621131187971926909,12,32,20,27,37
4294967062,0,17641573639857052155,12,38,14,27,37
4294967062,0,5062727977092247931,13,30,21,27,37
4294967062,0,11529627500905441539,8,30,26,27,37
4294967062,0,11334201236955457991,14,35,15,27,37
4294967062,0,1723449857098777647,8,39,17,27,37
4294967062,0,11824131086435787325,9,34,21,27,37
4294967062,0,10916938892920469737,12,32,20,27,37
4294967063,0,10711037515530053577,13,37,14,28,36
4294967063,0,3158094044731098757,14,34,16,28,36
4294967063,0,11519607713862694829,14,39,11,28,36
4294967063,0,16638979603045245829,16,31,17,28,36
4294967063,0,6227982124040479279,15,34,15,28,36
4294967063,0,17043495179877616605,15,29,20,28,36
4294967063,0,759900749261522307,10,34,20,28,36
4294967063,0,15933950710287347465,14,33,17,28,36
4294967063,0,1498297228207553595,14,28,22,28,36
4294967063,0,17497600973443654265,12,39,13,28,36
4294967064,0,14222852356000075725,13,33,18,26,38
4294967064,0,4882039725263112083,14,29,21,26,38
4294967064,0,3888728246601151577,13,34,17,26,38
4294967064,0,10554068580508855491,12,35,17,26,38
4294967064,0,11402087898546531949,14,31,19,26,38
4294967064,0,558676248957873493,14,27,23,26,38
4294967064,0,16399097943371508747,19,25,20,26,38
4294967064,0,10064128191436280347,12,33,19,26,38
4294967064,0,11841099453335858163,14,30,20,26,38
4294967064,0,5572652850135631515,15,29,20,26,38
4294967065,0,4517200042819470729,14,27,23,27,37
4294967065,0,14892966155089087217,9,41,14,27,37
4294967065,0,7491084881755868999,17,30,17,27,37
4294967065,0,8366412628198989907,9,40,15,27,37
4294967065,0,12702678318708579363,12,31,21,27,37
4294967065,0,2916069596359718393,16,33,15,27,37
4294967065,0,7666867979342707821,14,34,16,27,37
4294967065,0,8567445698641387987,19,30,15,27,37
4294967065,0,6275445221790243371,14,32,18,27,37
4294967065,0,2650219558401349195,14,30,20,27,37
4294967066,0,15891594646850463759,9,33,22,27,37
4294967066,0,5890347736001585485,15,31,18,27,37
4294967066,0,18225814197562016719,16,35,13,27,37
4294967066,0,6370962256437176273,17,27,20,27,37
4294967066,0,7355023282593209967,16,28,20,27,37
4294967066,0,14031792434451178481,13,33,18,27,37
4294967066,0,9499706708102723823,17,34,13,27,37
4294967066,0,1958747922544222145,14,36,14,27,37
4294967066,0,4459276498254271549,12,33,19,27,37
4294967066,0,2260130329961086729,18,28,18,27,37
4294967067,0,8293582592754124307,12,33,19,28,36
4294967067,0,2598733778133687471,19,23,22,28,36
4294967067,0,933502891569227287,12,37,15,28,36
4294967067,0,17439273153951651171,13,32,19,28,36
4294967067,0,15941009384064656547,13,37,14,28,36
4294967067,0,7713224580030619719,12,33,19,28,36
4294967067,0,17758419438959240203,16,28,20,28,36
4294967067,0,16644696948166937293,14,41,9,28,36
4294967067,0,15006017628649165757,12,30,22,28,36
4294967067,0,17224675645742830957,15,35,14,28,36
4294967068,0,13302471663403879477,14,38,12,27,37
4294967068,0,3501821055499900353,8,38,18,27,37
4294967068,0,2939348751621024813,16,27,21,27,37
4294967068,0,18372392806066836611,14,40,10,27,37
4294967068,0,8611219069150233035,9,37,18,27,37
4294967068,0,16216083777664759625,19,24,21,27,37
4294967068,0,9174862195047825993,13,34,17,27,37
4294967068,0,1661112510594343381,14,31,19,27,37
4294967068,0,7254037979880670951,16,31,17,27,37
4294967068,0,8434416568571842285,12,33,19,27,37
4294967069,0,4440659694708115063,18,28,18,28,36
4294967069,0,10760799548962223207,14,31,19,28,36
4294967069,0,897584184251864377,16,28,20,28,36
4294967069,0,5190108316871702349,14,25,25,28,36
4294967069,0,11022275862064095985,15,39,10,28,36
4294967069,0,15547831763347767293,19,32,13,28,36
4294967069,0,12405815473105376753,17,30,17,28,36
4294967069,0,5271127323322114369,12,34,18,28,36
4294967069,0,150846460695711915,10,34,20,28,36
4294967069,0,1982971161362844127,14,33,17,28,36
4294967070,0,2470663540689684557,12,32,20,28,36
4294967070,0,4878663822151818879,17,32,15,28,36
4294967070,0,6747406488567674879,21,29,14,28,36
4294967070,0,7438724742515531245,13,38,13,28,36
4294967070,0,834574939606356481,12,30,22,28,36
4294967070,0,943692780093080695,12,33,19,28,36
4294967070,0,10363692023965153871,19,31,14,28,36
4294967070,0,6687383278935404041,14,33,17,28,36
4294967070,0,5323761718392784021,9,36,19,28,36
4294967070,0,7126877854361647623,14,31,19,28,36
4294967071,0,8307571912139531261,14,34,16,29,35
4294967071,0,10143073088245333247,21,29,14,29,35
4294967071,0,15224306644744390199,17,31,16,29,35
4294967071,0,11496777941173734495,18,30,16,29,35
4294967071,0,11271756520082021113,16,33,15,29,35
4294967071,0,2373420549145257513,14,28,22,29,35
4294967071,0,1783458626659092229,17,24,23,29,35
4294967071,0,6884294168669511615,20,28,16,29,35
4294967071,0,18203019505007747689,16,35,13,29,35
4294967071,0,10290181063540886339,15,28,21,29,35
4294967072,0,6744247188842278655,16,30,18,25,39
4294967072,0,2661263058122663367,10,36,18,25,39
4294967072,0,11113479912230843665,14,27,23,25,39
4294967072,0,7404284794539203169,12,30,22,25,39
4294967072,0,742572024828074769,7,32,25,25,39
4294967072,0,717835979072274485,8,32,24,25,39
4294967072,0,13163446164300026057,8,40,16,25,39
4294967072,0,14830552396987508703,10,38,16,25,39
4294967072,0,9579997600271518715,14,35,15,25,39
4294967072,0,2747470278903542737,15,28,21,25,39
4294967073,0,16475371731175072677,16,26,22,26,38
4294967073,0,2578504144016387863,14,33,17,26,38
4294967073,0,17180720697034772957,14,36,14,26,38
4294967073,0,5875841960248477785,11,32,21,26,38
4294967073,0,7248732618166483951,15,32,17,26,38
4294967073,0,11372426745196641843,19,30,15,26,38
4294967073,0,15543262158048725149,10,36,18,26,38
4294967073,0,10952286749205372709,15,32,17,26,38
4294967073,0,9358309701602546193,11,33,20,26,38
4294967073,0,9402565549244466665,12,33,19,26,38
4294967074,0,9036075859756674135,11,38,15,26,38
4294967074,0,10384119795257702607,17,32,15,26,38
4294967074,0,8760222186783839005,13,34,17,26,38
4294967074,0,306897729157917287,14,27,23,26,38
4294967074,0,6110291961754464903,13,30,21,26,38
4294967074,0,2021847800127329149,15,31,18,26,38
4294967074,0,7683811765084920053,15,29,20,26,38
4294967074,0,5675654217355591909,11,36,17,26,38
4294967074,0,16579326690928893831,16,28,20,26,38
4294967074,0,16087389163832137957,15,33,16,26,38
4294967075,0,11607807148039577835,11,34,19,27,37
4294967075,0,11011038889871825171,12,29,23,27,37
4294967075,0,4898171931225669255,19,29,16,27,37
4294967075,0,12093518846054494693,17,30,17,27,37
4294967075,0,17931284165453178181,12,37,15,27,37
4294967075,0,10670968003978497519,15,31,18,27,37
4294967075,0,4197431670680312071,18,24,22,27,37
4294967075,0,947335553688120711,16,27,21,27,37
4294967075,0,8862715818675390483,12,34,18,27,37
4294967075,0,9670379692450295219,16,25,23,27,37
4294967076,0,13303475217092824135,11,35,18,26,38
4294967076,0,14288960952088330621,13,32,19,26,38
4294967076,0,7013273838080670365,16,28,20,26,38
4294967076,0,15156975537094959357,11,35,18,26,38
4294967076,0,4467738019172195873,12,26,26,26,38
4294967076,0,10562057152096436551,6,39,19,26,38
4294967076,0,12922329976551609075,15,33,16,26,38
4294967076,0,3519349765351546091,9,42,13,26,38
4294967076,0,8135725608502629471,9,41,14,26,38
4294967076,0,7725132985448408711,10,36,18,26,38
4294967077,0,7617769475345232631,12,37,15,27,37
4294967077,0,3761137661897908253,10,34,20,27,37
4294967077,0,9256935949610155619,15,30,19,27,37
4294967077,0,11279779240224265639,14,31,19,27,37
4294967077,0,8699585201214800595,14,33,17,27,37
4294967077,0,15649793333431171883,19,28,17,27,37
4294967077,0,13418200365327701213,17,29,18,27,37
4294967077,0,13019255101010848415,15,34,15,27,37
4294967077,0,9568016456845189029,16,24,24,27,37
4294967077,0,10346534731865413777,10,34,20,27,37
4294967078,0,18412117082397635131,14,39,11,27,37
4294967078,0,8824387122842022425,12,35,17,27,37
4294967078,0,6951190178950392747,13,33,18,27,37
4294967078,0,17647732497025472257,9,37,18,27,37
4294967078,0,8479295462104739575,15,30,19,27,37
4294967078,0,9834458497293547529,11,33,20,27,37
4294967078,0,10076962278342835791,16,32,16,27,37
4294967078,0,12467574631927287115,13,31,20,27,37
4294967078,0,16005398672143621981,13,35,16,27,37
4294967078,0,12557545144562123535,13,32,19,27,37
4294967079,0,14824772574930528189,18,29,17,28,36
4294967079,0,4876621465605962529,18,26,20,28,36
4294967079,0,8931546483638794903,17,32,15,28,36
4294967079,0,17659758009795492213,13,29,22,28,36
4294967079,0,5146759556392280273,14,34,16,28,36
4294967079,0,5506337690085147725,15,30,19,28,36
4294967079,0,17367342866758689481,11,33,20,28,36
4294967079,0,18119504279018449843,15,34,15,28,36
4294967079,0,14225654391187208133,13,34,17,28,36
4294967079,0,13003127190550490329,13,34,17,28,36
4294967080,0,12732678992265488467,7,36,21,26,38
4294967080,0,9020514721538382939,13,35,16,26,38
4294967080,0,8850810911215686925,11,33,20,26,38
4294967080,0,10339171114123209275,13,34,17,26,38
4294967080,0,17238212741018614987,16,35,13,26,38
4294967080,0,13312358189428092781,19,33,12,26,38
4294967080,0,5308776971432448041,8,32,24,26,38
4294967080,0,10578779745090217005,13,28,23,26,38
4294967080,0,10020103114712358303,15,31,18,26,38
4294967080,0,16523863860888970061,12,31,21,26,38
4294967081,0,7277839142596889881,19,18,27,27,37
4294967081,0,6366611012002590583,13,38,13,27,37
4294967081,0,14260519731632094985,16,28,20,27,37
4294967081,0,2702007587711962553,19,29,16,27,37
4294967081,0,775989699874069247,14,32,18,27,37
4294967081,0,17622427683476612161,9,36,19,27,37
4294967081,0,1457835748711593659,18,27,19,27,37
4294967081,0,17044969240587356025,15,33,16,27,37
4294967081,0,12100548605752872845,17,30,17,27,37
4294967081,0,13785961984575295469,14,33,17,27,37
4294967082,0,3947359969701326931,13,37,14,27,37
4294967082,0,15273013222814956169,15,32,17,27,37
4294967082,0,5001515832554044963,13,29,22,27,37
4294967082,0,10367402576619153411,15,30,19,27,37
4294967082,0,5010531781334026313,10,34,20,27,37
4294967082,0,2014874806748729873,8,40,16,27,37
4294967082,0,13667026185549054607,13,37,14,27,37
4294967082,0,4413975129986074135,12,36,16,27,37
4294967082,0,936456816082139903,15,35,14,27,37
4294967082,0,16697701091482680605,16,32,16,27,37
4294967083,0,4162907125627114967,15,36,13,28,36
4294967083,0,4295076446743844325,12,36,16,28,36
4294967083,0,1848326089293696677,11,33,20,28,36
4294967083,0,6092841892075937359,16,31,17,28,36
4294967083,0,8714313987524970265,16,33,15,28,36
4294967083,0,12565774187567599507,16,28,20,28,36
4294967083,0,2535819235411684521,14,25,25,28,36
4294967083,0,17792230777678959137,10,36,18,28,36
4294967083,0,18039268532858120131,16,32,16,28,36
4294967083,0,2913498628374493723,19,24,21,28,36
4294967084,0,12043746297311335995,12,37,15,27,37
4294967084,0,16245078158861026167,17,28,19,27,37
4294967084,0,8775109533759360061,16,30,18,27,37
4294967084,0,12000320750867845345,11,32,21,27,37
4294967084,0,13944097813971307489,13,30,21,27,37
4294967084,0,5298735757471715865,13,27,24,27,37
4294967084,0,5264983797165198323,10,38,16,27,37
4294967084,0,1091357089677807847,12,36,16,27,37
4294967084,0,14180473274884853347,14,32,18,27,37
4294967084,0,12032787734136808897,13,34,17,27,37
4294967085,0,4283706568525637471,17,31,16,28,36
4294967085,0,13626361177146637633,17,30,17,28,36
4294967085,0,15685877015194254703,18,30,16,28,36
4294967085,0,688031169019220127,16,27,21,28,36
4294967085,0,16998137641180949587,14,35,15,28,36
4294967085,0,7708617250756955039,13,33,18,28,36
4294967085,0,15451083033684921963,17,30,17,28,36
4294967085,0,17227831372312247557,12,35,17,28,36
4294967085,0,670351820835336173,20,24,20,28,36
4294967085,0,15425226343214130879,19,26,19,28,36
4294967086,0,14535308133357678505,15,34,15,28,36
4294967086,0,3436842891200264875,18,29,17,28,36
4294967086,0,13816670350827951929,18,34,12,28,36
4294967086,0,16090923033875594749,18,34,12,28,36
4294967086,0,5339723201445425157,12,31,21,28,36
4294967086,0,691129072837868951,14,31,19,28,36
4294967086,0,5504364755845862723,12,34,18,28,36
4294967086,0,11119383135910228717,15,33,16,28,36
4294967086,0,17126968819600330463,14,39,11,28,36
4294967086,0,6180436210631408841,17,31,16,28,36
4294967088,0,8381261060230416455,8,35,21,26,38
4294967088,0,11830125917977812843,18,27,19,26,38
4294967088,0,9671969763958832533,14,30,20,26,38
4294967088,0,16403950908505918293,14,30,20,26,38
4294967088,0,2475551997336846403,8,37,19,26,38
4294967088,0,9301082189466635535,15,26,23,26,38
4294967088,0,5032955847556216223,14,33,17,26,38
4294967088,0,14919982647804171899,12,36,16,26,38
4294967088,0,6100044997616626441,13,33,18,26,38
4294967088,0,13486769356832061773,11,34,19,26,38
4294967089,0,11958753786714614569,18,27,19,27,37
4294967089,0,13255796706233818209,12,37,15,27,37
4294967089,0,259807503157214731,16,25,23,27,37
4294967089,0,6218622068017266049,16,30,18,27,37
4294967089,0,5442236906214506489,20,25,19,27,37
4294967089,0,12440505219209108529,13,30,21,27,37
4294967089,0,3563196908868290635,12,32,20,27,37
4294967089,0,11270121260655131661,14,31,19,27,37
4294967089,0,11782411248814811849,14,29,21,27,37
4294967089,0,7479977122281592891,14,35,15,27,37
4294967090,0,7889732399476873975,17,34,13,27,37
4294967090,0,6049179220623060725,15,31,18,27,37
4294967090,0,7394068358313046619,12,36,16,27,37
4294967090,0,1759544612513667605,13,26,25,27,37
4294967090,0,18108895530318680601,14,34,16,27,37
4294967090,0,8807473612404499411,16,32,16,27,37
4294967090,0,17262931473482616593,15,29,20,27,37
4294967090,0,125993532413444997,9,39,16,27,37
4294967090,0,7075698668384473835,11,37,16,27,37
4294967090,0,8240815844188954349,13,34,17,27,37
4294967091,0,4925175950887760425,13,33,18,28,36
4294967091,0,6080513603092062291,15,29,20,28,36
4294967091,0,10744504409054270081,11,33,20,28,36
4294967091,0,10567721899101443147,14,29,21,28,36
4294967091,0,4824804052345648079,14,34,16,28,36
4294967091,0,6632565372062518033,17,24,23,28,36
4294967091,0,4359013198458341447,12,35,17,28,36
4294967091,0,12318479638470287689,14,35,15,28,36
4294967091,0,8585022253727742931,17,24,23,28,36
4294967091,0,2946255439325224011,14,32,18,28,36
4294967092,0,12655824521904349701,13,31,20,27,37
4294967092,0,17028300288498675301,11,33,20,27,37
4294967092,0,16377045469855382059,14,32,18,27,37
4294967092,0,14201060843258138703,10,34,20,27,37
4294967092,0,12733610047131369511,12,38,14,27,37
4294967092,0,11782144309129573703,14,31,19,27,37
4294967092,0,17351664602714703199,14,35,15,27,37
4294967092,0,6779988258941539743,14,35,15,27,37
4294967092,0,4073949424048936937,13,32,19,27,37
4294967092,0,17660184878120488915,12,34,18,27,37
4294967093,0,8820899134680698961,9,34,21,28,36
4294967093,0,8392875037781601107,15,33,16,28,36
4294967093,0,18240840806425136351,18,30,16,28,36
4294967093,0,6892161828111103281,15,30,19,28,36
4294967093,0,12948520968303991735,18,30,16,28,36
4294967093,0,16838130643049816553,12,37,15,28,36
4294967093,0,13970651248580898905,10,35,19,28,36
4294967093,0,14794196320043844179,12,36,16,28,36
4294967093,0,15229696722977560529,11,35,18,28,36
4294967093,0,14053829456756855523,16,31,17,28,36
4294967094,0,12550093180996543731,17,29,18,28,36
4294967094,0,10990836973156342885,13,35,16,28,36
4294967094,0,14524425676117100407,19,22,23,28,36
4294967094,0,9693886773930062801,14,32,18,28,36
4294967094,0,9743074368763597645,13,32,19,28,36
4294967094,0,6673752871695680599,11,37,16,28,36
4294967094,0,16920178320404810281,14,30,20,28,36
4294967094,0,2069886965912525965,12,37,15,28,36
4294967094,0,15288182922147749919,15,30,19,28,36
4294967094,0,16655346764889636275,15,33,16,28,36
4294967095,0,3729134360837200287,15,31,18,29,35
4294967095,0,9899632635982681011,15,31,18,29,35
4294967095,0,3035174777940392409,14,33,17,29,35
4294967095,0,15762484683004150881,16,33,15,29,35
4294967095,0,8150519664161921641,12,36,16,29,35
4294967095,0,12549232198403876843,16,32,16,29,35
4294967095,0,13224802220548370719,14,37,13,29,35
4294967095,0,9017284497586596483,12,36,16,29,35
4294967095,0,16581581880735298439,17,32,15,29,35
4294967095,0,8217705150335677831,16,29,19,29,35
4294967096,0,1026299489872671175,12,36,16,27,37
4294967096,0,2433943412946510773,11,33,20,27,37
4294967096,0,7663230795194316259,11,36,17,27,37
4294967096,0,10402325430398926511,16,33,15,27,37
4294967096,0,10307988855735178851,14,29,21,27,37
4294967096,0,12410373764022168757,16,29,19,27,37
4294967096,0,5684725043214549303,11,35,18,27,37
4294967096,0,401594035286368831,14,32,18,27,37
4294967096,0,4693907173235549449,14,26,24,27,37
4294967096,0,55625602425885733,9,32,23,27,37
4294967097,0,4019569675446586105,18,26,20,28,36
4294967097,0,1347157026480600323,10,30,24,28,36
4294967097,0,7815837264748485837,11,39,14,28,36
4294967097,0,12919820673675889457,13,32,19,28,36
4294967097,0,9982704594155901395,9,35,20,28,36
4294967097,0,1111520218871423843,20,30,14,28,36
4294967097,0,16495418801676931427,14,27,23,28,36
4294967097,0,18191021386194697489,14,34,16,28,36
4294967097,0,8708176669167053391,17,29,18,28,36
4294967097,0,5295888812921046749,13,35,16,28,36
4294967098,0,3320069425904451819,12,32,20,28,36
4294967098,0,2498221615680805475,15,31,18,28,36
4294967098,0,11834047475563186293,10,40,14,28,36
4294967098,0,13453016788609797321,13,39,12,28,36
4294967098,0,17778650415963337187,13,38,13,28,36
4294967098,0,6907584767112042269,17,36,11,28,36
4294967098,0,16442202963128867207,17,30,17,28,36
4294967098,0,8274049678986325809,15,29,20,28,36
4294967098,0,16917786989093154651,21,23,20,28,36
4294967098,0,6963578588551571223,14,30,20,28,36
4294967099,0,1480351078219927127,12,33,19,29,35
4294967099,0,17785324589141158531,16,33,15,29,35
4294967099,0,16132668611464215619,15,30,19,29,35
4294967099,0,2453228873036305673,13,30,21,29,35
4294967099,0,15869486450187567785,13,37,14,29,35
4294967099,0,2188395738428830361,14,34,16,29,35
4294967099,0,18314790412716372621,13,36,15,29,35
4294967099,0,7250651950466319787,14,33,17,29,35
4294967099,0,2349139030607804823,14,27,23,29,35
4294967099,0,18054278082815387937,15,31,18,29,35
4294967100,0,15399740639608453593,11,39,14,28,36
4294967100,0,13949048269744349223,9,40,15,28,36
4294967100,0,18049967246881717091,14,37,13,28,36
4294967100,0,8540914387775489119,11,36,17,28,36
4294967100,0,13264942497280982149,14,32,18,28,36
4294967100,0,7823781221223154961,11,34,19,28,36
4294967100,0,6996415944086834463,13,30,21,28,36
4294967100,0,4236554245367119867,19,29,16,28,36
4294967100,0,8497036589344289523,17,32,15,28,36
4294967100,0,2861484355713100977,15,30,19,28,36
4294967101,0,3476850639467772693,15,23,26,29,35
4294967101,0,16144741237436063747,15,29,20,29,35
4294967101,0,14120796932609354587,17,35,12,29,35
4294967101,0,594304465002259193,15,30,19,29,35
4294967101,0,12178497827050747465,18,29,17,29,35
4294967101,0,11343330933472451097,16,31,17,29,35
4294967101,0,17270541414402102399,13,38,13,29,35
4294967101,0,16399918223652151211,19,30,15,29,35
4294967101,0,4439509524151360749,10,37,17,29,35
4294967101,0,1241298128418751467,13,33,18,29,35
