basis_number,generator_1_observed_id,generator_1_closure_id,generator_1_bits,generator_2_observed_id,generator_2_closure_id,generator_2_bits,generator_3_observed_id,generator_3_closure_id,generator_3_bits,generator_4_observed_id,generator_4_closure_id,generator_4_bits,generator_5_observed_id,generator_5_closure_id,generator_5_bits
1,V01,G01,00000010101,V02,G02,00001010001,V03,G04,01000000001,V06,G08,10001000110,V07,G16,10100010111
2,V01,G01,00000010101,V02,G02,00001010001,V03,G04,01000000001,V06,G08,10001000110,V08,G19,10101010011
3,V01,G01,00000010101,V02,G02,00001010001,V03,G04,01000000001,V06,G08,10001000110,V11,G20,11100010110
4,V01,G01,00000010101,V02,G02,00001010001,V03,G04,01000000001,V06,G08,10001000110,V12,G23,11101010010
5,V01,G01,00000010101,V02,G02,00001010001,V03,G04,01000000001,V07,G16,10100010111,V09,G15,11000000011
6,V01,G01,00000010101,V02,G02,00001010001,V03,G04,01000000001,V07,G16,10100010111,V10,G12,11001000111
7,V01,G01,00000010101,V02,G02,00001010001,V03,G04,01000000001,V08,G19,10101010011,V09,G15,11000000011
8,V01,G01,00000010101,V02,G02,00001010001,V03,G04,01000000001,V08,G19,10101010011,V10,G12,11001000111
9,V01,G01,00000010101,V02,G02,00001010001,V03,G04,01000000001,V09,G15,11000000011,V11,G20,11100010110
10,V01,G01,00000010101,V02,G02,00001010001,V03,G04,01000000001,V09,G15,11000000011,V12,G23,11101010010
11,V01,G01,00000010101,V02,G02,00001010001,V03,G04,01000000001,V10,G12,11001000111,V11,G20,11100010110
12,V01,G01,00000010101,V02,G02,00001010001,V03,G04,01000000001,V10,G12,11001000111,V12,G23,11101010010
13,V01,G01,00000010101,V02,G02,00001010001,V04,G05,01000010100,V06,G08,10001000110,V07,G16,10100010111
14,V01,G01,00000010101,V02,G02,00001010001,V04,G05,01000010100,V06,G08,10001000110,V08,G19,10101010011
15,V01,G01,00000010101,V02,G02,00001010001,V04,G05,01000010100,V06,G08,10001000110,V11,G20,11100010110
16,V01,G01,00000010101,V02,G02,00001010001,V04,G05,01000010100,V06,G08,10001000110,V12,G23,11101010010
17,V01,G01,00000010101,V02,G02,00001010001,V04,G05,01000010100,V07,G16,10100010111,V09,G15,11000000011
18,V01,G01,00000010101,V02,G02,00001010001,V04,G05,01000010100,V07,G16,10100010111,V10,G12,11001000111
19,V01,G01,00000010101,V02,G02,00001010001,V04,G05,01000010100,V08,G19,10101010011,V09,G15,11000000011
20,V01,G01,00000010101,V02,G02,00001010001,V04,G05,01000010100,V08,G19,10101010011,V10,G12,11001000111
21,V01,G01,00000010101,V02,G02,00001010001,V04,G05,01000010100,V09,G15,11000000011,V11,G20,11100010110
22,V01,G01,00000010101,V02,G02,00001010001,V04,G05,01000010100,V09,G15,11000000011,V12,G23,11101010010
23,V01,G01,00000010101,V02,G02,00001010001,V04,G05,01000010100,V10,G12,11001000111,V11,G20,11100010110
24,V01,G01,00000010101,V02,G02,00001010001,V04,G05,01000010100,V10,G12,11001000111,V12,G23,11101010010
25,V01,G01,00000010101,V02,G02,00001010001,V05,G06,01001010000,V06,G08,10001000110,V07,G16,10100010111
26,V01,G01,00000010101,V02,G02,00001010001,V05,G06,01001010000,V06,G08,10001000110,V08,G19,10101010011
27,V01,G01,00000010101,V02,G02,00001010001,V05,G06,01001010000,V06,G08,10001000110,V11,G20,11100010110
28,V01,G01,00000010101,V02,G02,00001010001,V05,G06,01001010000,V06,G08,10001000110,V12,G23,11101010010
29,V01,G01,00000010101,V02,G02,00001010001,V05,G06,01001010000,V07,G16,10100010111,V09,G15,11000000011
30,V01,G01,00000010101,V02,G02,00001010001,V05,G06,01001010000,V07,G16,10100010111,V10,G12,11001000111
31,V01,G01,00000010101,V02,G02,00001010001,V05,G06,01001010000,V08,G19,10101010011,V09,G15,11000000011
32,V01,G01,00000010101,V02,G02,00001010001,V05,G06,01001010000,V08,G19,10101010011,V10,G12,11001000111
33,V01,G01,00000010101,V02,G02,00001010001,V05,G06,01001010000,V09,G15,11000000011,V11,G20,11100010110
34,V01,G01,00000010101,V02,G02,00001010001,V05,G06,01001010000,V09,G15,11000000011,V12,G23,11101010010
35,V01,G01,00000010101,V02,G02,00001010001,V05,G06,01001010000,V10,G12,11001000111,V11,G20,11100010110
36,V01,G01,00000010101,V02,G02,00001010001,V05,G06,01001010000,V10,G12,11001000111,V12,G23,11101010010
37,V01,G01,00000010101,V02,G02,00001010001,V06,G08,10001000110,V07,G16,10100010111,V09,G15,11000000011
38,V01,G01,00000010101,V02,G02,00001010001,V06,G08,10001000110,V07,G16,10100010111,V10,G12,11001000111
39,V01,G01,00000010101,V02,G02,00001010001,V06,G08,10001000110,V07,G16,10100010111,V11,G20,11100010110
40,V01,G01,00000010101,V02,G02,00001010001,V06,G08,10001000110,V07,G16,10100010111,V12,G23,11101010010
41,V01,G01,00000010101,V02,G02,00001010001,V06,G08,10001000110,V08,G19,10101010011,V09,G15,11000000011
42,V01,G01,00000010101,V02,G02,00001010001,V06,G08,10001000110,V08,G19,10101010011,V10,G12,11001000111
43,V01,G01,00000010101,V02,G02,00001010001,V06,G08,10001000110,V08,G19,10101010011,V11,G20,11100010110
44,V01,G01,00000010101,V02,G02,00001010001,V06,G08,10001000110,V08,G19,10101010011,V12,G23,11101010010
45,V01,G01,00000010101,V02,G02,00001010001,V06,G08,10001000110,V09,G15,11000000011,V11,G20,11100010110
46,V01,G01,00000010101,V02,G02,00001010001,V06,G08,10001000110,V09,G15,11000000011,V12,G23,11101010010
47,V01,G01,00000010101,V02,G02,00001010001,V06,G08,10001000110,V10,G12,11001000111,V11,G20,11100010110
48,V01,G01,00000010101,V02,G02,00001010001,V06,G08,10001000110,V10,G12,11001000111,V12,G23,11101010010
49,V01,G01,00000010101,V02,G02,00001010001,V07,G16,10100010111,V09,G15,11000000011,V11,G20,11100010110
50,V01,G01,00000010101,V02,G02,00001010001,V07,G16,10100010111,V09,G15,11000000011,V12,G23,11101010010
51,V01,G01,00000010101,V02,G02,00001010001,V07,G16,10100010111,V10,G12,11001000111,V11,G20,11100010110
52,V01,G01,00000010101,V02,G02,00001010001,V07,G16,10100010111,V10,G12,11001000111,V12,G23,11101010010
53,V01,G01,00000010101,V02,G02,00001010001,V08,G19,10101010011,V09,G15,11000000011,V11,G20,11100010110
54,V01,G01,00000010101,V02,G02,00001010001,V08,G19,10101010011,V09,G15,11000000011,V12,G23,11101010010
55,V01,G01,00000010101,V02,G02,00001010001,V08,G19,10101010011,V10,G12,11001000111,V11,G20,11100010110
56,V01,G01,00000010101,V02,G02,00001010001,V08,G19,10101010011,V10,G12,11001000111,V12,G23,11101010010
57,V01,G01,00000010101,V03,G04,01000000001,V05,G06,01001010000,V06,G08,10001000110,V07,G16,10100010111
58,V01,G01,00000010101,V03,G04,01000000001,V05,G06,01001010000,V06,G08,10001000110,V08,G19,10101010011
59,V01,G01,00000010101,V03,G04,01000000001,V05,G06,01001010000,V06,G08,10001000110,V11,G20,11100010110
60,V01,G01,00000010101,V03,G04,01000000001,V05,G06,01001010000,V06,G08,10001000110,V12,G23,11101010010
61,V01,G01,00000010101,V03,G04,01000000001,V05,G06,01001010000,V07,G16,10100010111,V09,G15,11000000011
62,V01,G01,00000010101,V03,G04,01000000001,V05,G06,01001010000,V07,G16,10100010111,V10,G12,11001000111
63,V01,G01,00000010101,V03,G04,01000000001,V05,G06,01001010000,V08,G19,10101010011,V09,G15,11000000011
64,V01,G01,00000010101,V03,G04,01000000001,V05,G06,01001010000,V08,G19,10101010011,V10,G12,11001000111
65,V01,G01,00000010101,V03,G04,01000000001,V05,G06,01001010000,V09,G15,11000000011,V11,G20,11100010110
66,V01,G01,00000010101,V03,G04,01000000001,V05,G06,01001010000,V09,G15,11000000011,V12,G23,11101010010
67,V01,G01,00000010101,V03,G04,01000000001,V05,G06,01001010000,V10,G12,11001000111,V11,G20,11100010110
68,V01,G01,00000010101,V03,G04,01000000001,V05,G06,01001010000,V10,G12,11001000111,V12,G23,11101010010
69,V01,G01,00000010101,V03,G04,01000000001,V06,G08,10001000110,V07,G16,10100010111,V08,G19,10101010011
70,V01,G01,00000010101,V03,G04,01000000001,V06,G08,10001000110,V07,G16,10100010111,V09,G15,11000000011
71,V01,G01,00000010101,V03,G04,01000000001,V06,G08,10001000110,V07,G16,10100010111,V12,G23,11101010010
72,V01,G01,00000010101,V03,G04,01000000001,V06,G08,10001000110,V08,G19,10101010011,V09,G15,11000000011
73,V01,G01,00000010101,V03,G04,01000000001,V06,G08,10001000110,V08,G19,10101010011,V11,G20,11100010110
74,V01,G01,00000010101,V03,G04,01000000001,V06,G08,10001000110,V09,G15,11000000011,V11,G20,11100010110
75,V01,G01,00000010101,V03,G04,01000000001,V06,G08,10001000110,V09,G15,11000000011,V12,G23,11101010010
76,V01,G01,00000010101,V03,G04,01000000001,V06,G08,10001000110,V11,G20,11100010110,V12,G23,11101010010
77,V01,G01,00000010101,V03,G04,01000000001,V07,G16,10100010111,V08,G19,10101010011,V09,G15,11000000011
78,V01,G01,00000010101,V03,G04,01000000001,V07,G16,10100010111,V08,G19,10101010011,V10,G12,11001000111
79,V01,G01,00000010101,V03,G04,01000000001,V07,G16,10100010111,V09,G15,11000000011,V10,G12,11001000111
80,V01,G01,00000010101,V03,G04,01000000001,V07,G16,10100010111,V09,G15,11000000011,V12,G23,11101010010
81,V01,G01,00000010101,V03,G04,01000000001,V07,G16,10100010111,V10,G12,11001000111,V12,G23,11101010010
82,V01,G01,00000010101,V03,G04,01000000001,V08,G19,10101010011,V09,G15,11000000011,V10,G12,11001000111
83,V01,G01,00000010101,V03,G04,01000000001,V08,G19,10101010011,V09,G15,11000000011,V11,G20,11100010110
84,V01,G01,00000010101,V03,G04,01000000001,V08,G19,10101010011,V10,G12,11001000111,V11,G20,11100010110
85,V01,G01,00000010101,V03,G04,01000000001,V09,G15,11000000011,V10,G12,11001000111,V11,G20,11100010110
86,V01,G01,00000010101,V03,G04,01000000001,V09,G15,11000000011,V10,G12,11001000111,V12,G23,11101010010
87,V01,G01,00000010101,V03,G04,01000000001,V09,G15,11000000011,V11,G20,11100010110,V12,G23,11101010010
88,V01,G01,00000010101,V03,G04,01000000001,V10,G12,11001000111,V11,G20,11100010110,V12,G23,11101010010
89,V01,G01,00000010101,V04,G05,01000010100,V05,G06,01001010000,V06,G08,10001000110,V07,G16,10100010111
90,V01,G01,00000010101,V04,G05,01000010100,V05,G06,01001010000,V06,G08,10001000110,V08,G19,10101010011
91,V01,G01,00000010101,V04,G05,01000010100,V05,G06,01001010000,V06,G08,10001000110,V11,G20,11100010110
92,V01,G01,00000010101,V04,G05,01000010100,V05,G06,01001010000,V06,G08,10001000110,V12,G23,11101010010
93,V01,G01,00000010101,V04,G05,01000010100,V05,G06,01001010000,V07,G16,10100010111,V09,G15,11000000011
94,V01,G01,00000010101,V04,G05,01000010100,V05,G06,01001010000,V07,G16,10100010111,V10,G12,11001000111
95,V01,G01,00000010101,V04,G05,01000010100,V05,G06,01001010000,V08,G19,10101010011,V09,G15,11000000011
96,V01,G01,00000010101,V04,G05,01000010100,V05,G06,01001010000,V08,G19,10101010011,V10,G12,11001000111
97,V01,G01,00000010101,V04,G05,01000010100,V05,G06,01001010000,V09,G15,11000000011,V11,G20,11100010110
98,V01,G01,00000010101,V04,G05,01000010100,V05,G06,01001010000,V09,G15,11000000011,V12,G23,11101010010
99,V01,G01,00000010101,V04,G05,01000010100,V05,G06,01001010000,V10,G12,11001000111,V11,G20,11100010110
100,V01,G01,00000010101,V04,G05,01000010100,V05,G06,01001010000,V10,G12,11001000111,V12,G23,11101010010
101,V01,G01,00000010101,V04,G05,01000010100,V06,G08,10001000110,V07,G16,10100010111,V08,G19,10101010011
102,V01,G01,00000010101,V04,G05,01000010100,V06,G08,10001000110,V07,G16,10100010111,V09,G15,11000000011
103,V01,G01,00000010101,V04,G05,01000010100,V06,G08,10001000110,V07,G16,10100010111,V12,G23,11101010010
104,V01,G01,00000010101,V04,G05,01000010100,V06,G08,10001000110,V08,G19,10101010011,V09,G15,11000000011
105,V01,G01,00000010101,V04,G05,01000010100,V06,G08,10001000110,V08,G19,10101010011,V11,G20,11100010110
106,V01,G01,00000010101,V04,G05,01000010100,V06,G08,10001000110,V09,G15,11000000011,V11,G20,11100010110
107,V01,G01,00000010101,V04,G05,01000010100,V06,G08,10001000110,V09,G15,11000000011,V12,G23,11101010010
108,V01,G01,00000010101,V04,G05,01000010100,V06,G08,10001000110,V11,G20,11100010110,V12,G23,11101010010
109,V01,G01,00000010101,V04,G05,01000010100,V07,G16,10100010111,V08,G19,10101010011,V09,G15,11000000011
110,V01,G01,00000010101,V04,G05,01000010100,V07,G16,10100010111,V08,G19,10101010011,V10,G12,11001000111
111,V01,G01,00000010101,V04,G05,01000010100,V07,G16,10100010111,V09,G15,11000000011,V10,G12,11001000111
112,V01,G01,00000010101,V04,G05,01000010100,V07,G16,10100010111,V09,G15,11000000011,V12,G23,11101010010
113,V01,G01,00000010101,V04,G05,01000010100,V07,G16,10100010111,V10,G12,11001000111,V12,G23,11101010010
114,V01,G01,00000010101,V04,G05,01000010100,V08,G19,10101010011,V09,G15,11000000011,V10,G12,11001000111
115,V01,G01,00000010101,V04,G05,01000010100,V08,G19,10101010011,V09,G15,11000000011,V11,G20,11100010110
116,V01,G01,00000010101,V04,G05,01000010100,V08,G19,10101010011,V10,G12,11001000111,V11,G20,11100010110
117,V01,G01,00000010101,V04,G05,01000010100,V09,G15,11000000011,V10,G12,11001000111,V11,G20,11100010110
118,V01,G01,00000010101,V04,G05,01000010100,V09,G15,11000000011,V10,G12,11001000111,V12,G23,11101010010
119,V01,G01,00000010101,V04,G05,01000010100,V09,G15,11000000011,V11,G20,11100010110,V12,G23,11101010010
120,V01,G01,00000010101,V04,G05,01000010100,V10,G12,11001000111,V11,G20,11100010110,V12,G23,11101010010
121,V01,G01,00000010101,V05,G06,01001010000,V06,G08,10001000110,V07,G16,10100010111,V08,G19,10101010011
122,V01,G01,00000010101,V05,G06,01001010000,V06,G08,10001000110,V07,G16,10100010111,V10,G12,11001000111
123,V01,G01,00000010101,V05,G06,01001010000,V06,G08,10001000110,V07,G16,10100010111,V11,G20,11100010110
124,V01,G01,00000010101,V05,G06,01001010000,V06,G08,10001000110,V08,G19,10101010011,V10,G12,11001000111
125,V01,G01,00000010101,V05,G06,01001010000,V06,G08,10001000110,V08,G19,10101010011,V12,G23,11101010010
126,V01,G01,00000010101,V05,G06,01001010000,V06,G08,10001000110,V10,G12,11001000111,V11,G20,11100010110
127,V01,G01,00000010101,V05,G06,01001010000,V06,G08,10001000110,V10,G12,11001000111,V12,G23,11101010010
128,V01,G01,00000010101,V05,G06,01001010000,V06,G08,10001000110,V11,G20,11100010110,V12,G23,11101010010
129,V01,G01,00000010101,V05,G06,01001010000,V07,G16,10100010111,V08,G19,10101010011,V09,G15,11000000011
130,V01,G01,00000010101,V05,G06,01001010000,V07,G16,10100010111,V08,G19,10101010011,V10,G12,11001000111
131,V01,G01,00000010101,V05,G06,01001010000,V07,G16,10100010111,V09,G15,11000000011,V10,G12,11001000111
132,V01,G01,00000010101,V05,G06,01001010000,V07,G16,10100010111,V09,G15,11000000011,V11,G20,11100010110
133,V01,G01,00000010101,V05,G06,01001010000,V07,G16,10100010111,V10,G12,11001000111,V11,G20,11100010110
134,V01,G01,00000010101,V05,G06,01001010000,V08,G19,10101010011,V09,G15,11000000011,V10,G12,11001000111
135,V01,G01,00000010101,V05,G06,01001010000,V08,G19,10101010011,V09,G15,11000000011,V12,G23,11101010010
136,V01,G01,00000010101,V05,G06,01001010000,V08,G19,10101010011,V10,G12,11001000111,V12,G23,11101010010
137,V01,G01,00000010101,V05,G06,01001010000,V09,G15,11000000011,V10,G12,11001000111,V11,G20,11100010110
138,V01,G01,00000010101,V05,G06,01001010000,V09,G15,11000000011,V10,G12,11001000111,V12,G23,11101010010
139,V01,G01,00000010101,V05,G06,01001010000,V09,G15,11000000011,V11,G20,11100010110,V12,G23,11101010010
140,V01,G01,00000010101,V05,G06,01001010000,V10,G12,11001000111,V11,G20,11100010110,V12,G23,11101010010
141,V01,G01,00000010101,V06,G08,10001000110,V07,G16,10100010111,V08,G19,10101010011,V09,G15,11000000011
142,V01,G01,00000010101,V06,G08,10001000110,V07,G16,10100010111,V08,G19,10101010011,V10,G12,11001000111
143,V01,G01,00000010101,V06,G08,10001000110,V07,G16,10100010111,V08,G19,10101010011,V11,G20,11100010110
144,V01,G01,00000010101,V06,G08,10001000110,V07,G16,10100010111,V08,G19,10101010011,V12,G23,11101010010
145,V01,G01,00000010101,V06,G08,10001000110,V07,G16,10100010111,V09,G15,11000000011,V10,G12,11001000111
146,V01,G01,00000010101,V06,G08,10001000110,V07,G16,10100010111,V09,G15,11000000011,V11,G20,11100010110
147,V01,G01,00000010101,V06,G08,10001000110,V07,G16,10100010111,V10,G12,11001000111,V12,G23,11101010010
148,V01,G01,00000010101,V06,G08,10001000110,V07,G16,10100010111,V11,G20,11100010110,V12,G23,11101010010
149,V01,G01,00000010101,V06,G08,10001000110,V08,G19,10101010011,V09,G15,11000000011,V10,G12,11001000111
150,V01,G01,00000010101,V06,G08,10001000110,V08,G19,10101010011,V09,G15,11000000011,V12,G23,11101010010
151,V01,G01,00000010101,V06,G08,10001000110,V08,G19,10101010011,V10,G12,11001000111,V11,G20,11100010110
152,V01,G01,00000010101,V06,G08,10001000110,V08,G19,10101010011,V11,G20,11100010110,V12,G23,11101010010
153,V01,G01,00000010101,V06,G08,10001000110,V09,G15,11000000011,V10,G12,11001000111,V11,G20,11100010110
154,V01,G01,00000010101,V06,G08,10001000110,V09,G15,11000000011,V10,G12,11001000111,V12,G23,11101010010
155,V01,G01,00000010101,V06,G08,10001000110,V09,G15,11000000011,V11,G20,11100010110,V12,G23,11101010010
156,V01,G01,00000010101,V06,G08,10001000110,V10,G12,11001000111,V11,G20,11100010110,V12,G23,11101010010
157,V01,G01,00000010101,V07,G16,10100010111,V08,G19,10101010011,V09,G15,11000000011,V11,G20,11100010110
158,V01,G01,00000010101,V07,G16,10100010111,V08,G19,10101010011,V09,G15,11000000011,V12,G23,11101010010
159,V01,G01,00000010101,V07,G16,10100010111,V08,G19,10101010011,V10,G12,11001000111,V11,G20,11100010110
160,V01,G01,00000010101,V07,G16,10100010111,V08,G19,10101010011,V10,G12,11001000111,V12,G23,11101010010
161,V01,G01,00000010101,V07,G16,10100010111,V09,G15,11000000011,V10,G12,11001000111,V11,G20,11100010110
162,V01,G01,00000010101,V07,G16,10100010111,V09,G15,11000000011,V10,G12,11001000111,V12,G23,11101010010
163,V01,G01,00000010101,V07,G16,10100010111,V09,G15,11000000011,V11,G20,11100010110,V12,G23,11101010010
164,V01,G01,00000010101,V07,G16,10100010111,V10,G12,11001000111,V11,G20,11100010110,V12,G23,11101010010
165,V01,G01,00000010101,V08,G19,10101010011,V09,G15,11000000011,V10,G12,11001000111,V11,G20,11100010110
166,V01,G01,00000010101,V08,G19,10101010011,V09,G15,11000000011,V10,G12,11001000111,V12,G23,11101010010
167,V01,G01,00000010101,V08,G19,10101010011,V09,G15,11000000011,V11,G20,11100010110,V12,G23,11101010010
168,V01,G01,00000010101,V08,G19,10101010011,V10,G12,11001000111,V11,G20,11100010110,V12,G23,11101010010
169,V02,G02,00001010001,V03,G04,01000000001,V04,G05,01000010100,V06,G08,10001000110,V07,G16,10100010111
170,V02,G02,00001010001,V03,G04,01000000001,V04,G05,01000010100,V06,G08,10001000110,V08,G19,10101010011
171,V02,G02,00001010001,V03,G04,01000000001,V04,G05,01000010100,V06,G08,10001000110,V11,G20,11100010110
172,V02,G02,00001010001,V03,G04,01000000001,V04,G05,01000010100,V06,G08,10001000110,V12,G23,11101010010
173,V02,G02,00001010001,V03,G04,01000000001,V04,G05,01000010100,V07,G16,10100010111,V09,G15,11000000011
174,V02,G02,00001010001,V03,G04,01000000001,V04,G05,01000010100,V07,G16,10100010111,V10,G12,11001000111
175,V02,G02,00001010001,V03,G04,01000000001,V04,G05,01000010100,V08,G19,10101010011,V09,G15,11000000011
176,V02,G02,00001010001,V03,G04,01000000001,V04,G05,01000010100,V08,G19,10101010011,V10,G12,11001000111
177,V02,G02,00001010001,V03,G04,01000000001,V04,G05,01000010100,V09,G15,11000000011,V11,G20,11100010110
178,V02,G02,00001010001,V03,G04,01000000001,V04,G05,01000010100,V09,G15,11000000011,V12,G23,11101010010
179,V02,G02,00001010001,V03,G04,01000000001,V04,G05,01000010100,V10,G12,11001000111,V11,G20,11100010110
180,V02,G02,00001010001,V03,G04,01000000001,V04,G05,01000010100,V10,G12,11001000111,V12,G23,11101010010
181,V02,G02,00001010001,V03,G04,01000000001,V06,G08,10001000110,V07,G16,10100010111,V08,G19,10101010011
182,V02,G02,00001010001,V03,G04,01000000001,V06,G08,10001000110,V07,G16,10100010111,V09,G15,11000000011
183,V02,G02,00001010001,V03,G04,01000000001,V06,G08,10001000110,V07,G16,10100010111,V12,G23,11101010010
184,V02,G02,00001010001,V03,G04,01000000001,V06,G08,10001000110,V08,G19,10101010011,V09,G15,11000000011
185,V02,G02,00001010001,V03,G04,01000000001,V06,G08,10001000110,V08,G19,10101010011,V11,G20,11100010110
186,V02,G02,00001010001,V03,G04,01000000001,V06,G08,10001000110,V09,G15,11000000011,V11,G20,11100010110
187,V02,G02,00001010001,V03,G04,01000000001,V06,G08,10001000110,V09,G15,11000000011,V12,G23,11101010010
188,V02,G02,00001010001,V03,G04,01000000001,V06,G08,10001000110,V11,G20,11100010110,V12,G23,11101010010
189,V02,G02,00001010001,V03,G04,01000000001,V07,G16,10100010111,V08,G19,10101010011,V09,G15,11000000011
190,V02,G02,00001010001,V03,G04,01000000001,V07,G16,10100010111,V08,G19,10101010011,V10,G12,11001000111
191,V02,G02,00001010001,V03,G04,01000000001,V07,G16,10100010111,V09,G15,11000000011,V10,G12,11001000111
192,V02,G02,00001010001,V03,G04,01000000001,V07,G16,10100010111,V09,G15,11000000011,V12,G23,11101010010
193,V02,G02,00001010001,V03,G04,01000000001,V07,G16,10100010111,V10,G12,11001000111,V12,G23,11101010010
194,V02,G02,00001010001,V03,G04,01000000001,V08,G19,10101010011,V09,G15,11000000011,V10,G12,11001000111
195,V02,G02,00001010001,V03,G04,01000000001,V08,G19,10101010011,V09,G15,11000000011,V11,G20,11100010110
196,V02,G02,00001010001,V03,G04,01000000001,V08,G19,10101010011,V10,G12,11001000111,V11,G20,11100010110
197,V02,G02,00001010001,V03,G04,01000000001,V09,G15,11000000011,V10,G12,11001000111,V11,G20,11100010110
198,V02,G02,00001010001,V03,G04,01000000001,V09,G15,11000000011,V10,G12,11001000111,V12,G23,11101010010
199,V02,G02,00001010001,V03,G04,01000000001,V09,G15,11000000011,V11,G20,11100010110,V12,G23,11101010010
200,V02,G02,00001010001,V03,G04,01000000001,V10,G12,11001000111,V11,G20,11100010110,V12,G23,11101010010
201,V02,G02,00001010001,V04,G05,01000010100,V05,G06,01001010000,V06,G08,10001000110,V07,G16,10100010111
202,V02,G02,00001010001,V04,G05,01000010100,V05,G06,01001010000,V06,G08,10001000110,V08,G19,10101010011
203,V02,G02,00001010001,V04,G05,01000010100,V05,G06,01001010000,V06,G08,10001000110,V11,G20,11100010110
204,V02,G02,00001010001,V04,G05,01000010100,V05,G06,01001010000,V06,G08,10001000110,V12,G23,11101010010
205,V02,G02,00001010001,V04,G05,01000010100,V05,G06,01001010000,V07,G16,10100010111,V09,G15,11000000011
206,V02,G02,00001010001,V04,G05,01000010100,V05,G06,01001010000,V07,G16,10100010111,V10,G12,11001000111
207,V02,G02,00001010001,V04,G05,01000010100,V05,G06,01001010000,V08,G19,10101010011,V09,G15,11000000011
208,V02,G02,00001010001,V04,G05,01000010100,V05,G06,01001010000,V08,G19,10101010011,V10,G12,11001000111
209,V02,G02,00001010001,V04,G05,01000010100,V05,G06,01001010000,V09,G15,11000000011,V11,G20,11100010110
210,V02,G02,00001010001,V04,G05,01000010100,V05,G06,01001010000,V09,G15,11000000011,V12,G23,11101010010
211,V02,G02,00001010001,V04,G05,01000010100,V05,G06,01001010000,V10,G12,11001000111,V11,G20,11100010110
212,V02,G02,00001010001,V04,G05,01000010100,V05,G06,01001010000,V10,G12,11001000111,V12,G23,11101010010
213,V02,G02,00001010001,V04,G05,01000010100,V06,G08,10001000110,V07,G16,10100010111,V08,G19,10101010011
214,V02,G02,00001010001,V04,G05,01000010100,V06,G08,10001000110,V07,G16,10100010111,V10,G12,11001000111
215,V02,G02,00001010001,V04,G05,01000010100,V06,G08,10001000110,V07,G16,10100010111,V11,G20,11100010110
216,V02,G02,00001010001,V04,G05,01000010100,V06,G08,10001000110,V08,G19,10101010011,V10,G12,11001000111
217,V02,G02,00001010001,V04,G05,01000010100,V06,G08,10001000110,V08,G19,10101010011,V12,G23,11101010010
218,V02,G02,00001010001,V04,G05,01000010100,V06,G08,10001000110,V10,G12,11001000111,V11,G20,11100010110
219,V02,G02,00001010001,V04,G05,01000010100,V06,G08,10001000110,V10,G12,11001000111,V12,G23,11101010010
220,V02,G02,00001010001,V04,G05,01000010100,V06,G08,10001000110,V11,G20,11100010110,V12,G23,11101010010
221,V02,G02,00001010001,V04,G05,01000010100,V07,G16,10100010111,V08,G19,10101010011,V09,G15,11000000011
222,V02,G02,00001010001,V04,G05,01000010100,V07,G16,10100010111,V08,G19,10101010011,V10,G12,11001000111
223,V02,G02,00001010001,V04,G05,01000010100,V07,G16,10100010111,V09,G15,11000000011,V10,G12,11001000111
224,V02,G02,00001010001,V04,G05,01000010100,V07,G16,10100010111,V09,G15,11000000011,V11,G20,11100010110
225,V02,G02,00001010001,V04,G05,01000010100,V07,G16,10100010111,V10,G12,11001000111,V11,G20,11100010110
226,V02,G02,00001010001,V04,G05,01000010100,V08,G19,10101010011,V09,G15,11000000011,V10,G12,11001000111
227,V02,G02,00001010001,V04,G05,01000010100,V08,G19,10101010011,V09,G15,11000000011,V12,G23,11101010010
228,V02,G02,00001010001,V04,G05,01000010100,V08,G19,10101010011,V10,G12,11001000111,V12,G23,11101010010
229,V02,G02,00001010001,V04,G05,01000010100,V09,G15,11000000011,V10,G12,11001000111,V11,G20,11100010110
230,V02,G02,00001010001,V04,G05,01000010100,V09,G15,11000000011,V10,G12,11001000111,V12,G23,11101010010
231,V02,G02,00001010001,V04,G05,01000010100,V09,G15,11000000011,V11,G20,11100010110,V12,G23,11101010010
232,V02,G02,00001010001,V04,G05,01000010100,V10,G12,11001000111,V11,G20,11100010110,V12,G23,11101010010
233,V02,G02,00001010001,V05,G06,01001010000,V06,G08,10001000110,V07,G16,10100010111,V08,G19,10101010011
234,V02,G02,00001010001,V05,G06,01001010000,V06,G08,10001000110,V07,G16,10100010111,V09,G15,11000000011
235,V02,G02,00001010001,V05,G06,01001010000,V06,G08,10001000110,V07,G16,10100010111,V12,G23,11101010010
236,V02,G02,00001010001,V05,G06,01001010000,V06,G08,10001000110,V08,G19,10101010011,V09,G15,11000000011
237,V02,G02,00001010001,V05,G06,01001010000,V06,G08,10001000110,V08,G19,10101010011,V11,G20,11100010110
238,V02,G02,00001010001,V05,G06,01001010000,V06,G08,10001000110,V09,G15,11000000011,V11,G20,11100010110
239,V02,G02,00001010001,V05,G06,01001010000,V06,G08,10001000110,V09,G15,11000000011,V12,G23,11101010010
240,V02,G02,00001010001,V05,G06,01001010000,V06,G08,10001000110,V11,G20,11100010110,V12,G23,11101010010
241,V02,G02,00001010001,V05,G06,01001010000,V07,G16,10100010111,V08,G19,10101010011,V09,G15,11000000011
242,V02,G02,00001010001,V05,G06,01001010000,V07,G16,10100010111,V08,G19,10101010011,V10,G12,11001000111
243,V02,G02,00001010001,V05,G06,01001010000,V07,G16,10100010111,V09,G15,11000000011,V10,G12,11001000111
244,V02,G02,00001010001,V05,G06,01001010000,V07,G16,10100010111,V09,G15,11000000011,V12,G23,11101010010
245,V02,G02,00001010001,V05,G06,01001010000,V07,G16,10100010111,V10,G12,11001000111,V12,G23,11101010010
246,V02,G02,00001010001,V05,G06,01001010000,V08,G19,10101010011,V09,G15,11000000011,V10,G12,11001000111
247,V02,G02,00001010001,V05,G06,01001010000,V08,G19,10101010011,V09,G15,11000000011,V11,G20,11100010110
248,V02,G02,00001010001,V05,G06,01001010000,V08,G19,10101010011,V10,G12,11001000111,V11,G20,11100010110
249,V02,G02,00001010001,V05,G06,01001010000,V09,G15,11000000011,V10,G12,11001000111,V11,G20,11100010110
250,V02,G02,00001010001,V05,G06,01001010000,V09,G15,11000000011,V10,G12,11001000111,V12,G23,11101010010
251,V02,G02,00001010001,V05,G06,01001010000,V09,G15,11000000011,V11,G20,11100010110,V12,G23,11101010010
252,V02,G02,00001010001,V05,G06,01001010000,V10,G12,11001000111,V11,G20,11100010110,V12,G23,11101010010
253,V02,G02,00001010001,V06,G08,10001000110,V07,G16,10100010111,V08,G19,10101010011,V09,G15,11000000011
254,V02,G02,00001010001,V06,G08,10001000110,V07,G16,10100010111,V08,G19,10101010011,V10,G12,11001000111
255,V02,G02,00001010001,V06,G08,10001000110,V07,G16,10100010111,V08,G19,10101010011,V11,G20,11100010110
256,V02,G02,00001010001,V06,G08,10001000110,V07,G16,10100010111,V08,G19,10101010011,V12,G23,11101010010
257,V02,G02,00001010001,V06,G08,10001000110,V07,G16,10100010111,V09,G15,11000000011,V10,G12,11001000111
258,V02,G02,00001010001,V06,G08,10001000110,V07,G16,10100010111,V09,G15,11000000011,V11,G20,11100010110
259,V02,G02,00001010001,V06,G08,10001000110,V07,G16,10100010111,V10,G12,11001000111,V12,G23,11101010010
260,V02,G02,00001010001,V06,G08,10001000110,V07,G16,10100010111,V11,G20,11100010110,V12,G23,11101010010
261,V02,G02,00001010001,V06,G08,10001000110,V08,G19,10101010011,V09,G15,11000000011,V10,G12,11001000111
262,V02,G02,00001010001,V06,G08,10001000110,V08,G19,10101010011,V09,G15,11000000011,V12,G23,11101010010
263,V02,G02,00001010001,V06,G08,10001000110,V08,G19,10101010011,V10,G12,11001000111,V11,G20,11100010110
264,V02,G02,00001010001,V06,G08,10001000110,V08,G19,10101010011,V11,G20,11100010110,V12,G23,11101010010
265,V02,G02,00001010001,V06,G08,10001000110,V09,G15,11000000011,V10,G12,11001000111,V11,G20,11100010110
266,V02,G02,00001010001,V06,G08,10001000110,V09,G15,11000000011,V10,G12,11001000111,V12,G23,11101010010
267,V02,G02,00001010001,V06,G08,10001000110,V09,G15,11000000011,V11,G20,11100010110,V12,G23,11101010010
268,V02,G02,00001010001,V06,G08,10001000110,V10,G12,11001000111,V11,G20,11100010110,V12,G23,11101010010
269,V02,G02,00001010001,V07,G16,10100010111,V08,G19,10101010011,V09,G15,11000000011,V11,G20,11100010110
270,V02,G02,00001010001,V07,G16,10100010111,V08,G19,10101010011,V09,G15,11000000011,V12,G23,11101010010
271,V02,G02,00001010001,V07,G16,10100010111,V08,G19,10101010011,V10,G12,11001000111,V11,G20,11100010110
272,V02,G02,00001010001,V07,G16,10100010111,V08,G19,10101010011,V10,G12,11001000111,V12,G23,11101010010
273,V02,G02,00001010001,V07,G16,10100010111,V09,G15,11000000011,V10,G12,11001000111,V11,G20,11100010110
274,V02,G02,00001010001,V07,G16,10100010111,V09,G15,11000000011,V10,G12,11001000111,V12,G23,11101010010
275,V02,G02,00001010001,V07,G16,10100010111,V09,G15,11000000011,V11,G20,11100010110,V12,G23,11101010010
276,V02,G02,00001010001,V07,G16,10100010111,V10,G12,11001000111,V11,G20,11100010110,V12,G23,11101010010
277,V02,G02,00001010001,V08,G19,10101010011,V09,G15,11000000011,V10,G12,11001000111,V11,G20,11100010110
278,V02,G02,00001010001,V08,G19,10101010011,V09,G15,11000000011,V10,G12,11001000111,V12,G23,11101010010
279,V02,G02,00001010001,V08,G19,10101010011,V09,G15,11000000011,V11,G20,11100010110,V12,G23,11101010010
280,V02,G02,00001010001,V08,G19,10101010011,V10,G12,11001000111,V11,G20,11100010110,V12,G23,11101010010
281,V03,G04,01000000001,V04,G05,01000010100,V05,G06,01001010000,V06,G08,10001000110,V07,G16,10100010111
282,V03,G04,01000000001,V04,G05,01000010100,V05,G06,01001010000,V06,G08,10001000110,V08,G19,10101010011
283,V03,G04,01000000001,V04,G05,01000010100,V05,G06,01001010000,V06,G08,10001000110,V11,G20,11100010110
284,V03,G04,01000000001,V04,G05,01000010100,V05,G06,01001010000,V06,G08,10001000110,V12,G23,11101010010
285,V03,G04,01000000001,V04,G05,01000010100,V05,G06,01001010000,V07,G16,10100010111,V09,G15,11000000011
286,V03,G04,01000000001,V04,G05,01000010100,V05,G06,01001010000,V07,G16,10100010111,V10,G12,11001000111
287,V03,G04,01000000001,V04,G05,01000010100,V05,G06,01001010000,V08,G19,10101010011,V09,G15,11000000011
288,V03,G04,01000000001,V04,G05,01000010100,V05,G06,01001010000,V08,G19,10101010011,V10,G12,11001000111
289,V03,G04,01000000001,V04,G05,01000010100,V05,G06,01001010000,V09,G15,11000000011,V11,G20,11100010110
290,V03,G04,01000000001,V04,G05,01000010100,V05,G06,01001010000,V09,G15,11000000011,V12,G23,11101010010
291,V03,G04,01000000001,V04,G05,01000010100,V05,G06,01001010000,V10,G12,11001000111,V11,G20,11100010110
292,V03,G04,01000000001,V04,G05,01000010100,V05,G06,01001010000,V10,G12,11001000111,V12,G23,11101010010
293,V03,G04,01000000001,V04,G05,01000010100,V06,G08,10001000110,V07,G16,10100010111,V08,G19,10101010011
294,V03,G04,01000000001,V04,G05,01000010100,V06,G08,10001000110,V07,G16,10100010111,V09,G15,11000000011
295,V03,G04,01000000001,V04,G05,01000010100,V06,G08,10001000110,V07,G16,10100010111,V12,G23,11101010010
296,V03,G04,01000000001,V04,G05,01000010100,V06,G08,10001000110,V08,G19,10101010011,V09,G15,11000000011
297,V03,G04,01000000001,V04,G05,01000010100,V06,G08,10001000110,V08,G19,10101010011,V11,G20,11100010110
298,V03,G04,01000000001,V04,G05,01000010100,V06,G08,10001000110,V09,G15,11000000011,V11,G20,11100010110
299,V03,G04,01000000001,V04,G05,01000010100,V06,G08,10001000110,V09,G15,11000000011,V12,G23,11101010010
300,V03,G04,01000000001,V04,G05,01000010100,V06,G08,10001000110,V11,G20,11100010110,V12,G23,11101010010
301,V03,G04,01000000001,V04,G05,01000010100,V07,G16,10100010111,V08,G19,10101010011,V09,G15,11000000011
302,V03,G04,01000000001,V04,G05,01000010100,V07,G16,10100010111,V08,G19,10101010011,V10,G12,11001000111
303,V03,G04,01000000001,V04,G05,01000010100,V07,G16,10100010111,V09,G15,11000000011,V10,G12,11001000111
304,V03,G04,01000000001,V04,G05,01000010100,V07,G16,10100010111,V09,G15,11000000011,V12,G23,11101010010
305,V03,G04,01000000001,V04,G05,01000010100,V07,G16,10100010111,V10,G12,11001000111,V12,G23,11101010010
306,V03,G04,01000000001,V04,G05,01000010100,V08,G19,10101010011,V09,G15,11000000011,V10,G12,11001000111
307,V03,G04,01000000001,V04,G05,01000010100,V08,G19,10101010011,V09,G15,11000000011,V11,G20,11100010110
308,V03,G04,01000000001,V04,G05,01000010100,V08,G19,10101010011,V10,G12,11001000111,V11,G20,11100010110
309,V03,G04,01000000001,V04,G05,01000010100,V09,G15,11000000011,V10,G12,11001000111,V11,G20,11100010110
310,V03,G04,01000000001,V04,G05,01000010100,V09,G15,11000000011,V10,G12,11001000111,V12,G23,11101010010
311,V03,G04,01000000001,V04,G05,01000010100,V09,G15,11000000011,V11,G20,11100010110,V12,G23,11101010010
312,V03,G04,01000000001,V04,G05,01000010100,V10,G12,11001000111,V11,G20,11100010110,V12,G23,11101010010
313,V03,G04,01000000001,V05,G06,01001010000,V06,G08,10001000110,V07,G16,10100010111,V08,G19,10101010011
314,V03,G04,01000000001,V05,G06,01001010000,V06,G08,10001000110,V07,G16,10100010111,V09,G15,11000000011
315,V03,G04,01000000001,V05,G06,01001010000,V06,G08,10001000110,V07,G16,10100010111,V12,G23,11101010010
316,V03,G04,01000000001,V05,G06,01001010000,V06,G08,10001000110,V08,G19,10101010011,V09,G15,11000000011
317,V03,G04,01000000001,V05,G06,01001010000,V06,G08,10001000110,V08,G19,10101010011,V11,G20,11100010110
318,V03,G04,01000000001,V05,G06,01001010000,V06,G08,10001000110,V09,G15,11000000011,V11,G20,11100010110
319,V03,G04,01000000001,V05,G06,01001010000,V06,G08,10001000110,V09,G15,11000000011,V12,G23,11101010010
320,V03,G04,01000000001,V05,G06,01001010000,V06,G08,10001000110,V11,G20,11100010110,V12,G23,11101010010
321,V03,G04,01000000001,V05,G06,01001010000,V07,G16,10100010111,V08,G19,10101010011,V09,G15,11000000011
322,V03,G04,01000000001,V05,G06,01001010000,V07,G16,10100010111,V08,G19,10101010011,V10,G12,11001000111
323,V03,G04,01000000001,V05,G06,01001010000,V07,G16,10100010111,V09,G15,11000000011,V10,G12,11001000111
324,V03,G04,01000000001,V05,G06,01001010000,V07,G16,10100010111,V09,G15,11000000011,V12,G23,11101010010
325,V03,G04,01000000001,V05,G06,01001010000,V07,G16,10100010111,V10,G12,11001000111,V12,G23,11101010010
326,V03,G04,01000000001,V05,G06,01001010000,V08,G19,10101010011,V09,G15,11000000011,V10,G12,11001000111
327,V03,G04,01000000001,V05,G06,01001010000,V08,G19,10101010011,V09,G15,11000000011,V11,G20,11100010110
328,V03,G04,01000000001,V05,G06,01001010000,V08,G19,10101010011,V10,G12,11001000111,V11,G20,11100010110
329,V03,G04,01000000001,V05,G06,01001010000,V09,G15,11000000011,V10,G12,11001000111,V11,G20,11100010110
330,V03,G04,01000000001,V05,G06,01001010000,V09,G15,11000000011,V10,G12,11001000111,V12,G23,11101010010
331,V03,G04,01000000001,V05,G06,01001010000,V09,G15,11000000011,V11,G20,11100010110,V12,G23,11101010010
332,V03,G04,01000000001,V05,G06,01001010000,V10,G12,11001000111,V11,G20,11100010110,V12,G23,11101010010
333,V04,G05,01000010100,V05,G06,01001010000,V06,G08,10001000110,V07,G16,10100010111,V09,G15,11000000011
334,V04,G05,01000010100,V05,G06,01001010000,V06,G08,10001000110,V07,G16,10100010111,V10,G12,11001000111
335,V04,G05,01000010100,V05,G06,01001010000,V06,G08,10001000110,V07,G16,10100010111,V11,G20,11100010110
336,V04,G05,01000010100,V05,G06,01001010000,V06,G08,10001000110,V07,G16,10100010111,V12,G23,11101010010
337,V04,G05,01000010100,V05,G06,01001010000,V06,G08,10001000110,V08,G19,10101010011,V09,G15,11000000011
338,V04,G05,01000010100,V05,G06,01001010000,V06,G08,10001000110,V08,G19,10101010011,V10,G12,11001000111
339,V04,G05,01000010100,V05,G06,01001010000,V06,G08,10001000110,V08,G19,10101010011,V11,G20,11100010110
340,V04,G05,01000010100,V05,G06,01001010000,V06,G08,10001000110,V08,G19,10101010011,V12,G23,11101010010
341,V04,G05,01000010100,V05,G06,01001010000,V06,G08,10001000110,V09,G15,11000000011,V11,G20,11100010110
342,V04,G05,01000010100,V05,G06,01001010000,V06,G08,10001000110,V09,G15,11000000011,V12,G23,11101010010
343,V04,G05,01000010100,V05,G06,01001010000,V06,G08,10001000110,V10,G12,11001000111,V11,G20,11100010110
344,V04,G05,01000010100,V05,G06,01001010000,V06,G08,10001000110,V10,G12,11001000111,V12,G23,11101010010
345,V04,G05,01000010100,V05,G06,01001010000,V07,G16,10100010111,V09,G15,11000000011,V11,G20,11100010110
346,V04,G05,01000010100,V05,G06,01001010000,V07,G16,10100010111,V09,G15,11000000011,V12,G23,11101010010
347,V04,G05,01000010100,V05,G06,01001010000,V07,G16,10100010111,V10,G12,11001000111,V11,G20,11100010110
348,V04,G05,01000010100,V05,G06,01001010000,V07,G16,10100010111,V10,G12,11001000111,V12,G23,11101010010
349,V04,G05,01000010100,V05,G06,01001010000,V08,G19,10101010011,V09,G15,11000000011,V11,G20,11100010110
350,V04,G05,01000010100,V05,G06,01001010000,V08,G19,10101010011,V09,G15,11000000011,V12,G23,11101010010
351,V04,G05,01000010100,V05,G06,01001010000,V08,G19,10101010011,V10,G12,11001000111,V11,G20,11100010110
352,V04,G05,01000010100,V05,G06,01001010000,V08,G19,10101010011,V10,G12,11001000111,V12,G23,11101010010
353,V04,G05,01000010100,V06,G08,10001000110,V07,G16,10100010111,V08,G19,10101010011,V09,G15,11000000011
354,V04,G05,01000010100,V06,G08,10001000110,V07,G16,10100010111,V08,G19,10101010011,V10,G12,11001000111
355,V04,G05,01000010100,V06,G08,10001000110,V07,G16,10100010111,V08,G19,10101010011,V11,G20,11100010110
356,V04,G05,01000010100,V06,G08,10001000110,V07,G16,10100010111,V08,G19,10101010011,V12,G23,11101010010
357,V04,G05,01000010100,V06,G08,10001000110,V07,G16,10100010111,V09,G15,11000000011,V10,G12,11001000111
358,V04,G05,01000010100,V06,G08,10001000110,V07,G16,10100010111,V09,G15,11000000011,V11,G20,11100010110
359,V04,G05,01000010100,V06,G08,10001000110,V07,G16,10100010111,V10,G12,11001000111,V12,G23,11101010010
360,V04,G05,01000010100,V06,G08,10001000110,V07,G16,10100010111,V11,G20,11100010110,V12,G23,11101010010
361,V04,G05,01000010100,V06,G08,10001000110,V08,G19,10101010011,V09,G15,11000000011,V10,G12,11001000111
362,V04,G05,01000010100,V06,G08,10001000110,V08,G19,10101010011,V09,G15,11000000011,V12,G23,11101010010
363,V04,G05,01000010100,V06,G08,10001000110,V08,G19,10101010011,V10,G12,11001000111,V11,G20,11100010110
364,V04,G05,01000010100,V06,G08,10001000110,V08,G19,10101010011,V11,G20,11100010110,V12,G23,11101010010
365,V04,G05,01000010100,V06,G08,10001000110,V09,G15,11000000011,V10,G12,11001000111,V11,G20,11100010110
366,V04,G05,01000010100,V06,G08,10001000110,V09,G15,11000000011,V10,G12,11001000111,V12,G23,11101010010
367,V04,G05,01000010100,V06,G08,10001000110,V09,G15,11000000011,V11,G20,11100010110,V12,G23,11101010010
368,V04,G05,01000010100,V06,G08,10001000110,V10,G12,11001000111,V11,G20,11100010110,V12,G23,11101010010
369,V04,G05,01000010100,V07,G16,10100010111,V08,G19,10101010011,V09,G15,11000000011,V11,G20,11100010110
370,V04,G05,01000010100,V07,G16,10100010111,V08,G19,10101010011,V09,G15,11000000011,V12,G23,11101010010
371,V04,G05,01000010100,V07,G16,10100010111,V08,G19,10101010011,V10,G12,11001000111,V11,G20,11100010110
372,V04,G05,01000010100,V07,G16,10100010111,V08,G19,10101010011,V10,G12,11001000111,V12,G23,11101010010
373,V04,G05,01000010100,V07,G16,10100010111,V09,G15,11000000011,V10,G12,11001000111,V11,G20,11100010110
374,V04,G05,01000010100,V07,G16,10100010111,V09,G15,11000000011,V10,G12,11001000111,V12,G23,11101010010
375,V04,G05,01000010100,V07,G16,10100010111,V09,G15,11000000011,V11,G20,11100010110,V12,G23,11101010010
376,V04,G05,01000010100,V07,G16,10100010111,V10,G12,11001000111,V11,G20,11100010110,V12,G23,11101010010
377,V04,G05,01000010100,V08,G19,10101010011,V09,G15,11000000011,V10,G12,11001000111,V11,G20,11100010110
378,V04,G05,01000010100,V08,G19,10101010011,V09,G15,11000000011,V10,G12,11001000111,V12,G23,11101010010
379,V04,G05,01000010100,V08,G19,10101010011,V09,G15,11000000011,V11,G20,11100010110,V12,G23,11101010010
380,V04,G05,01000010100,V08,G19,10101010011,V10,G12,11001000111,V11,G20,11100010110,V12,G23,11101010010
381,V05,G06,01001010000,V06,G08,10001000110,V07,G16,10100010111,V08,G19,10101010011,V09,G15,11000000011
382,V05,G06,01001010000,V06,G08,10001000110,V07,G16,10100010111,V08,G19,10101010011,V10,G12,11001000111
383,V05,G06,01001010000,V06,G08,10001000110,V07,G16,10100010111,V08,G19,10101010011,V11,G20,11100010110
384,V05,G06,01001010000,V06,G08,10001000110,V07,G16,10100010111,V08,G19,10101010011,V12,G23,11101010010
385,V05,G06,01001010000,V06,G08,10001000110,V07,G16,10100010111,V09,G15,11000000011,V10,G12,11001000111
386,V05,G06,01001010000,V06,G08,10001000110,V07,G16,10100010111,V09,G15,11000000011,V11,G20,11100010110
387,V05,G06,01001010000,V06,G08,10001000110,V07,G16,10100010111,V10,G12,11001000111,V12,G23,11101010010
388,V05,G06,01001010000,V06,G08,10001000110,V07,G16,10100010111,V11,G20,11100010110,V12,G23,11101010010
389,V05,G06,01001010000,V06,G08,10001000110,V08,G19,10101010011,V09,G15,11000000011,V10,G12,11001000111
390,V05,G06,01001010000,V06,G08,10001000110,V08,G19,10101010011,V09,G15,11000000011,V12,G23,11101010010
391,V05,G06,01001010000,V06,G08,10001000110,V08,G19,10101010011,V10,G12,11001000111,V11,G20,11100010110
392,V05,G06,01001010000,V06,G08,10001000110,V08,G19,10101010011,V11,G20,11100010110,V12,G23,11101010010
393,V05,G06,01001010000,V06,G08,10001000110,V09,G15,11000000011,V10,G12,11001000111,V11,G20,11100010110
394,V05,G06,01001010000,V06,G08,10001000110,V09,G15,11000000011,V10,G12,11001000111,V12,G23,11101010010
395,V05,G06,01001010000,V06,G08,10001000110,V09,G15,11000000011,V11,G20,11100010110,V12,G23,11101010010
396,V05,G06,01001010000,V06,G08,10001000110,V10,G12,11001000111,V11,G20,11100010110,V12,G23,11101010010
397,V05,G06,01001010000,V07,G16,10100010111,V08,G19,10101010011,V09,G15,11000000011,V11,G20,11100010110
398,V05,G06,01001010000,V07,G16,10100010111,V08,G19,10101010011,V09,G15,11000000011,V12,G23,11101010010
399,V05,G06,01001010000,V07,G16,10100010111,V08,G19,10101010011,V10,G12,11001000111,V11,G20,11100010110
400,V05,G06,01001010000,V07,G16,10100010111,V08,G19,10101010011,V10,G12,11001000111,V12,G23,11101010010
401,V05,G06,01001010000,V07,G16,10100010111,V09,G15,11000000011,V10,G12,11001000111,V11,G20,11100010110
402,V05,G06,01001010000,V07,G16,10100010111,V09,G15,11000000011,V10,G12,11001000111,V12,G23,11101010010
403,V05,G06,01001010000,V07,G16,10100010111,V09,G15,11000000011,V11,G20,11100010110,V12,G23,11101010010
404,V05,G06,01001010000,V07,G16,10100010111,V10,G12,11001000111,V11,G20,11100010110,V12,G23,11101010010
405,V05,G06,01001010000,V08,G19,10101010011,V09,G15,11000000011,V10,G12,11001000111,V11,G20,11100010110
406,V05,G06,01001010000,V08,G19,10101010011,V09,G15,11000000011,V10,G12,11001000111,V12,G23,11101010010
407,V05,G06,01001010000,V08,G19,10101010011,V09,G15,11000000011,V11,G20,11100010110,V12,G23,11101010010
408,V05,G06,01001010000,V08,G19,10101010011,V10,G12,11001000111,V11,G20,11100010110,V12,G23,11101010010
